2.200000047683715820e+00,2.200000047683715820e+00,2.200000047683715820e+00,2.200000047683715820e+00,2.200000047683715820e+00,2.200000047683715820e+00,2.200000047683715820e+00,2.200000047683715820e+00,2.200000047683715820e+00,2.200000047683715820e+00,2.200000047683715820e+00,2.200000047683715820e+00,2.200000047683715820e+00,2.200000047683715820e+00,2.200000047683715820e+00,2.200000047683715820e+00,2.200000047683715820e+00,2.200000047683715820e+00,2.200000047683715820e+00,2.200000047683715820e+00,2.200000047683715820e+00,2.200000047683715820e+00,2.200000047683715820e+00,2.200000047683715820e+00,2.200000047683715820e+00,2.200000047683715820e+00,2.200000047683715820e+00,2.200000047683715820e+00,0.000000000000000000e+00,0.000000000000000000e+00,0.000000000000000000e+00,0.000000000000000000e+00,0.000000000000000000e+00,5.545003890991210938e+00,0.000000000000000000e+00,0.000000000000000000e+00,0.000000000000000000e+00,0.000000000000000000e+00,1.695884659999999933e-01
2.200000047683715820e+00,2.200000047683715820e+00,2.200000047683715820e+00,2.200000047683715820e+00,2.200000047683715820e+00,2.200000047683715820e+00,2.200000047683715820e+00,2.200000047683715820e+00,2.200000047683715820e+00,2.200000047683715820e+00,2.200000047683715820e+00,2.200000047683715820e+00,2.200000047683715820e+00,2.200000047683715820e+00,2.200000047683715820e+00,2.200000047683715820e+00,2.200000047683715820e+00,2.200000047683715820e+00,2.200000047683715820e+00,2.200000047683715820e+00,2.200000047683715820e+00,2.200000047683715820e+00,2.200000047683715820e+00,2.200000047683715820e+00,2.200000047683715820e+00,2.200000047683715820e+00,2.200000047683715820e+00,2.200000047683715820e+00,0.000000000000000000e+00,0.000000000000000000e+00,0.000000000000000000e+00,0.000000000000000000e+00,2.928746223449707031e+00,0.000000000000000000e+00,0.000000000000000000e+00,0.000000000000000000e+00,0.000000000000000000e+00,0.000000000000000000e+00,1.340135560000000059e-01
2.200000047683715820e+00,2.200000047683715820e+00,2.200000047683715820e+00,2.200000047683715820e+00,2.200000047683715820e+00,2.200000047683715820e+00,2.200000047683715820e+00,2.200000047683715820e+00,2.200000047683715820e+00,2.200000047683715820e+00,2.200000047683715820e+00,2.200000047683715820e+00,2.200000047683715820e+00,2.200000047683715820e+00,2.200000047683715820e+00,2.200000047683715820e+00,2.200000047683715820e+00,2.200000047683715820e+00,2.200000047683715820e+00,2.200000047683715820e+00,2.200000047683715820e+00,2.200000047683715820e+00,2.200000047683715820e+00,2.200000047683715820e+00,2.200000047683715820e+00,2.200000047683715820e+00,2.200000047683715820e+00,2.200000047683715820e+00,0.000000000000000000e+00,3.009993076324462891e+00,0.000000000000000000e+00,0.000000000000000000e+00,0.000000000000000000e+00,0.000000000000000000e+00,0.000000000000000000e+00,0.000000000000000000e+00,0.000000000000000000e+00,0.000000000000000000e+00,1.885701599999999867e-01
2.200000047683715820e+00,2.200000047683715820e+00,2.200000047683715820e+00,2.200000047683715820e+00,2.200000047683715820e+00,2.200000047683715820e+00,2.200000047683715820e+00,2.200000047683715820e+00,2.200000047683715820e+00,2.200000047683715820e+00,2.200000047683715820e+00,2.200000047683715820e+00,2.200000047683715820e+00,2.200000047683715820e+00,2.200000047683715820e+00,2.200000047683715820e+00,2.200000047683715820e+00,2.200000047683715820e+00,2.200000047683715820e+00,2.200000047683715820e+00,2.200000047683715820e+00,2.200000047683715820e+00,2.200000047683715820e+00,2.200000047683715820e+00,2.200000047683715820e+00,2.200000047683715820e+00,2.200000047683715820e+00,2.200000047683715820e+00,0.000000000000000000e+00,0.000000000000000000e+00,2.821642637252807617e+00,0.000000000000000000e+00,0.000000000000000000e+00,0.000000000000000000e+00,0.000000000000000000e+00,0.000000000000000000e+00,0.000000000000000000e+00,0.000000000000000000e+00,1.989768329999999918e-01
2.200000047683715820e+00,2.200000047683715820e+00,2.200000047683715820e+00,2.200000047683715820e+00,2.200000047683715820e+00,2.200000047683715820e+00,2.200000047683715820e+00,2.200000047683715820e+00,2.200000047683715820e+00,2.200000047683715820e+00,2.200000047683715820e+00,2.200000047683715820e+00,2.200000047683715820e+00,2.200000047683715820e+00,2.200000047683715820e+00,2.200000047683715820e+00,2.200000047683715820e+00,2.200000047683715820e+00,2.200000047683715820e+00,2.200000047683715820e+00,2.200000047683715820e+00,2.200000047683715820e+00,2.200000047683715820e+00,2.200000047683715820e+00,2.200000047683715820e+00,2.200000047683715820e+00,2.200000047683715820e+00,2.200000047683715820e+00,0.000000000000000000e+00,0.000000000000000000e+00,0.000000000000000000e+00,0.000000000000000000e+00,0.000000000000000000e+00,0.000000000000000000e+00,0.000000000000000000e+00,0.000000000000000000e+00,0.000000000000000000e+00,6.184333801269531250e+00,7.198777400000000437e-02
2.200000047683715820e+00,2.200000047683715820e+00,2.200000047683715820e+00,2.200000047683715820e+00,2.200000047683715820e+00,2.200000047683715820e+00,2.200000047683715820e+00,2.200000047683715820e+00,2.200000047683715820e+00,2.200000047683715820e+00,2.200000047683715820e+00,2.200000047683715820e+00,2.200000047683715820e+00,2.200000047683715820e+00,2.200000047683715820e+00,2.200000047683715820e+00,2.200000047683715820e+00,2.200000047683715820e+00,2.200000047683715820e+00,2.200000047683715820e+00,2.200000047683715820e+00,2.200000047683715820e+00,2.200000047683715820e+00,2.200000047683715820e+00,2.200000047683715820e+00,2.200000047683715820e+00,2.200000047683715820e+00,2.200000047683715820e+00,0.000000000000000000e+00,0.000000000000000000e+00,0.000000000000000000e+00,0.000000000000000000e+00,0.000000000000000000e+00,0.000000000000000000e+00,9.035536050796508789e-01,0.000000000000000000e+00,0.000000000000000000e+00,0.000000000000000000e+00,9.241834200000000055e-02
2.200000047683715820e+00,2.200000047683715820e+00,2.200000047683715820e+00,2.200000047683715820e+00,2.200000047683715820e+00,2.200000047683715820e+00,2.200000047683715820e+00,2.200000047683715820e+00,2.200000047683715820e+00,2.200000047683715820e+00,2.200000047683715820e+00,2.200000047683715820e+00,2.200000047683715820e+00,2.200000047683715820e+00,2.200000047683715820e+00,2.200000047683715820e+00,2.200000047683715820e+00,2.200000047683715820e+00,2.200000047683715820e+00,2.200000047683715820e+00,2.200000047683715820e+00,2.200000047683715820e+00,2.200000047683715820e+00,2.200000047683715820e+00,2.200000047683715820e+00,2.200000047683715820e+00,2.200000047683715820e+00,2.200000047683715820e+00,0.000000000000000000e+00,0.000000000000000000e+00,0.000000000000000000e+00,0.000000000000000000e+00,0.000000000000000000e+00,0.000000000000000000e+00,0.000000000000000000e+00,6.144697070121765137e-01,0.000000000000000000e+00,0.000000000000000000e+00,8.812776799999999522e-02
2.200000047683715820e+00,2.200000047683715820e+00,2.200000047683715820e+00,2.200000047683715820e+00,2.200000047683715820e+00,2.200000047683715820e+00,2.200000047683715820e+00,2.200000047683715820e+00,2.200000047683715820e+00,2.200000047683715820e+00,2.200000047683715820e+00,2.200000047683715820e+00,2.200000047683715820e+00,2.200000047683715820e+00,2.200000047683715820e+00,2.200000047683715820e+00,2.200000047683715820e+00,2.200000047683715820e+00,2.200000047683715820e+00,2.200000047683715820e+00,2.200000047683715820e+00,2.200000047683715820e+00,2.200000047683715820e+00,2.200000047683715820e+00,2.200000047683715820e+00,2.200000047683715820e+00,2.200000047683715820e+00,2.200000047683715820e+00,4.476154804229736328e+00,0.000000000000000000e+00,0.000000000000000000e+00,0.000000000000000000e+00,0.000000000000000000e+00,0.000000000000000000e+00,0.000000000000000000e+00,0.000000000000000000e+00,0.000000000000000000e+00,0.000000000000000000e+00,8.998276700000000516e-02
2.200000047683715820e+00,2.200000047683715820e+00,2.200000047683715820e+00,2.200000047683715820e+00,2.200000047683715820e+00,2.200000047683715820e+00,2.200000047683715820e+00,2.200000047683715820e+00,2.200000047683715820e+00,2.200000047683715820e+00,2.200000047683715820e+00,2.200000047683715820e+00,2.200000047683715820e+00,2.200000047683715820e+00,2.200000047683715820e+00,2.200000047683715820e+00,2.200000047683715820e+00,2.200000047683715820e+00,2.200000047683715820e+00,2.200000047683715820e+00,2.200000047683715820e+00,2.200000047683715820e+00,2.200000047683715820e+00,2.200000047683715820e+00,2.200000047683715820e+00,2.200000047683715820e+00,2.200000047683715820e+00,2.200000047683715820e+00,0.000000000000000000e+00,0.000000000000000000e+00,0.000000000000000000e+00,2.771860599517822266e+00,0.000000000000000000e+00,0.000000000000000000e+00,0.000000000000000000e+00,0.000000000000000000e+00,0.000000000000000000e+00,0.000000000000000000e+00,1.988525859999999978e-01
2.200000047683715820e+00,2.200000047683715820e+00,2.200000047683715820e+00,2.200000047683715820e+00,2.200000047683715820e+00,2.200000047683715820e+00,2.200000047683715820e+00,2.200000047683715820e+00,2.200000047683715820e+00,2.200000047683715820e+00,2.200000047683715820e+00,2.200000047683715820e+00,2.200000047683715820e+00,2.200000047683715820e+00,2.200000047683715820e+00,2.200000047683715820e+00,2.200000047683715820e+00,2.200000047683715820e+00,2.200000047683715820e+00,2.200000047683715820e+00,2.200000047683715820e+00,2.200000047683715820e+00,2.200000047683715820e+00,2.200000047683715820e+00,2.200000047683715820e+00,2.200000047683715820e+00,2.200000047683715820e+00,2.200000047683715820e+00,0.000000000000000000e+00,0.000000000000000000e+00,0.000000000000000000e+00,0.000000000000000000e+00,0.000000000000000000e+00,0.000000000000000000e+00,0.000000000000000000e+00,0.000000000000000000e+00,0.000000000000000000e+00,0.000000000000000000e+00,1.053876549999999968e-01
2.200000047683715820e+00,2.200000047683715820e+00,2.200000047683715820e+00,2.200000047683715820e+00,2.200000047683715820e+00,2.200000047683715820e+00,2.200000047683715820e+00,2.200000047683715820e+00,2.200000047683715820e+00,2.200000047683715820e+00,2.200000047683715820e+00,2.200000047683715820e+00,2.200000047683715820e+00,2.200000047683715820e+00,2.200000047683715820e+00,2.200000047683715820e+00,2.200000047683715820e+00,2.200000047683715820e+00,2.200000047683715820e+00,2.200000047683715820e+00,2.200000047683715820e+00,2.200000047683715820e+00,2.200000047683715820e+00,2.200000047683715820e+00,2.200000047683715820e+00,2.200000047683715820e+00,2.200000047683715820e+00,2.200000047683715820e+00,0.000000000000000000e+00,0.000000000000000000e+00,2.795720577239990234e+00,0.000000000000000000e+00,0.000000000000000000e+00,4.604733943939208984e+00,0.000000000000000000e+00,0.000000000000000000e+00,0.000000000000000000e+00,0.000000000000000000e+00,2.680633880000000135e-01
2.200000047683715820e+00,2.200000047683715820e+00,2.200000047683715820e+00,2.200000047683715820e+00,2.200000047683715820e+00,2.200000047683715820e+00,2.200000047683715820e+00,2.200000047683715820e+00,2.200000047683715820e+00,2.200000047683715820e+00,2.200000047683715820e+00,2.200000047683715820e+00,2.200000047683715820e+00,2.200000047683715820e+00,2.200000047683715820e+00,2.200000047683715820e+00,2.200000047683715820e+00,2.200000047683715820e+00,2.200000047683715820e+00,2.200000047683715820e+00,2.200000047683715820e+00,2.200000047683715820e+00,2.200000047683715820e+00,2.200000047683715820e+00,2.200000047683715820e+00,2.200000047683715820e+00,2.200000047683715820e+00,2.200000047683715820e+00,0.000000000000000000e+00,0.000000000000000000e+00,0.000000000000000000e+00,0.000000000000000000e+00,0.000000000000000000e+00,0.000000000000000000e+00,0.000000000000000000e+00,0.000000000000000000e+00,0.000000000000000000e+00,1.324707794189453125e+01,1.575653609999999871e-01
2.200000047683715820e+00,2.200000047683715820e+00,2.200000047683715820e+00,2.200000047683715820e+00,2.200000047683715820e+00,2.200000047683715820e+00,2.200000047683715820e+00,2.200000047683715820e+00,2.200000047683715820e+00,2.200000047683715820e+00,2.200000047683715820e+00,2.200000047683715820e+00,2.200000047683715820e+00,2.200000047683715820e+00,2.200000047683715820e+00,2.200000047683715820e+00,2.200000047683715820e+00,2.200000047683715820e+00,2.200000047683715820e+00,2.200000047683715820e+00,2.200000047683715820e+00,2.200000047683715820e+00,2.200000047683715820e+00,2.200000047683715820e+00,2.200000047683715820e+00,2.200000047683715820e+00,2.200000047683715820e+00,2.200000047683715820e+00,0.000000000000000000e+00,0.000000000000000000e+00,1.710298061370849609e+00,0.000000000000000000e+00,0.000000000000000000e+00,0.000000000000000000e+00,0.000000000000000000e+00,8.962522745132446289e-01,0.000000000000000000e+00,0.000000000000000000e+00,1.209223809999999955e-01
2.200000047683715820e+00,2.200000047683715820e+00,2.200000047683715820e+00,2.200000047683715820e+00,2.200000047683715820e+00,2.200000047683715820e+00,2.200000047683715820e+00,2.200000047683715820e+00,2.200000047683715820e+00,2.200000047683715820e+00,2.200000047683715820e+00,2.200000047683715820e+00,2.200000047683715820e+00,2.200000047683715820e+00,2.200000047683715820e+00,2.200000047683715820e+00,2.200000047683715820e+00,2.200000047683715820e+00,2.200000047683715820e+00,2.200000047683715820e+00,2.200000047683715820e+00,2.200000047683715820e+00,2.200000047683715820e+00,2.200000047683715820e+00,2.200000047683715820e+00,2.200000047683715820e+00,2.200000047683715820e+00,2.200000047683715820e+00,0.000000000000000000e+00,0.000000000000000000e+00,0.000000000000000000e+00,3.054827690124511719e+00,3.057911396026611328e+00,0.000000000000000000e+00,0.000000000000000000e+00,0.000000000000000000e+00,0.000000000000000000e+00,0.000000000000000000e+00,2.728733079999999811e-01
2.200000047683715820e+00,2.200000047683715820e+00,2.200000047683715820e+00,2.200000047683715820e+00,2.200000047683715820e+00,2.200000047683715820e+00,2.200000047683715820e+00,2.200000047683715820e+00,2.200000047683715820e+00,2.200000047683715820e+00,2.200000047683715820e+00,2.200000047683715820e+00,2.200000047683715820e+00,2.200000047683715820e+00,2.200000047683715820e+00,2.200000047683715820e+00,2.200000047683715820e+00,2.200000047683715820e+00,2.200000047683715820e+00,2.200000047683715820e+00,2.200000047683715820e+00,2.200000047683715820e+00,2.200000047683715820e+00,2.200000047683715820e+00,2.200000047683715820e+00,2.200000047683715820e+00,2.200000047683715820e+00,2.200000047683715820e+00,0.000000000000000000e+00,0.000000000000000000e+00,0.000000000000000000e+00,2.900367736816406250e+00,0.000000000000000000e+00,4.951523780822753906e+00,0.000000000000000000e+00,0.000000000000000000e+00,0.000000000000000000e+00,0.000000000000000000e+00,2.944971379999999916e-01
2.200000047683715820e+00,2.200000047683715820e+00,2.200000047683715820e+00,2.200000047683715820e+00,2.200000047683715820e+00,2.200000047683715820e+00,2.200000047683715820e+00,2.200000047683715820e+00,2.200000047683715820e+00,2.200000047683715820e+00,2.200000047683715820e+00,2.200000047683715820e+00,2.200000047683715820e+00,2.200000047683715820e+00,2.200000047683715820e+00,2.200000047683715820e+00,2.200000047683715820e+00,2.200000047683715820e+00,2.200000047683715820e+00,2.200000047683715820e+00,2.200000047683715820e+00,2.200000047683715820e+00,2.200000047683715820e+00,2.200000047683715820e+00,2.200000047683715820e+00,2.200000047683715820e+00,2.200000047683715820e+00,2.200000047683715820e+00,0.000000000000000000e+00,4.246148586273193359e+00,0.000000000000000000e+00,0.000000000000000000e+00,0.000000000000000000e+00,0.000000000000000000e+00,1.087747812271118164e+00,0.000000000000000000e+00,0.000000000000000000e+00,0.000000000000000000e+00,2.385566650000000011e-01
2.200000047683715820e+00,2.200000047683715820e+00,2.200000047683715820e+00,2.200000047683715820e+00,2.200000047683715820e+00,2.200000047683715820e+00,2.200000047683715820e+00,2.200000047683715820e+00,2.200000047683715820e+00,2.200000047683715820e+00,2.200000047683715820e+00,2.200000047683715820e+00,2.200000047683715820e+00,2.200000047683715820e+00,2.200000047683715820e+00,2.200000047683715820e+00,2.200000047683715820e+00,2.200000047683715820e+00,2.200000047683715820e+00,2.200000047683715820e+00,2.200000047683715820e+00,2.200000047683715820e+00,2.200000047683715820e+00,2.200000047683715820e+00,2.200000047683715820e+00,2.200000047683715820e+00,2.200000047683715820e+00,2.200000047683715820e+00,5.533539295196533203e+00,0.000000000000000000e+00,0.000000000000000000e+00,0.000000000000000000e+00,5.017254829406738281e+00,0.000000000000000000e+00,0.000000000000000000e+00,0.000000000000000000e+00,0.000000000000000000e+00,0.000000000000000000e+00,2.530551120000000265e-01
2.200000047683715820e+00,2.200000047683715820e+00,2.200000047683715820e+00,2.200000047683715820e+00,2.200000047683715820e+00,2.200000047683715820e+00,2.200000047683715820e+00,2.200000047683715820e+00,2.200000047683715820e+00,2.200000047683715820e+00,2.200000047683715820e+00,2.200000047683715820e+00,2.200000047683715820e+00,2.200000047683715820e+00,2.200000047683715820e+00,2.200000047683715820e+00,2.200000047683715820e+00,2.200000047683715820e+00,2.200000047683715820e+00,2.200000047683715820e+00,2.200000047683715820e+00,2.200000047683715820e+00,2.200000047683715820e+00,2.200000047683715820e+00,2.200000047683715820e+00,2.200000047683715820e+00,2.200000047683715820e+00,2.200000047683715820e+00,0.000000000000000000e+00,2.575315952301025391e+00,0.000000000000000000e+00,2.401417970657348633e+00,0.000000000000000000e+00,0.000000000000000000e+00,0.000000000000000000e+00,0.000000000000000000e+00,0.000000000000000000e+00,0.000000000000000000e+00,2.605760260000000161e-01
2.200000047683715820e+00,2.200000047683715820e+00,2.200000047683715820e+00,2.200000047683715820e+00,2.200000047683715820e+00,2.200000047683715820e+00,2.200000047683715820e+00,2.200000047683715820e+00,2.200000047683715820e+00,2.200000047683715820e+00,2.200000047683715820e+00,2.200000047683715820e+00,2.200000047683715820e+00,2.200000047683715820e+00,2.200000047683715820e+00,2.200000047683715820e+00,2.200000047683715820e+00,2.200000047683715820e+00,2.200000047683715820e+00,2.200000047683715820e+00,2.200000047683715820e+00,2.200000047683715820e+00,2.200000047683715820e+00,2.200000047683715820e+00,2.200000047683715820e+00,2.200000047683715820e+00,2.200000047683715820e+00,2.200000047683715820e+00,0.000000000000000000e+00,0.000000000000000000e+00,0.000000000000000000e+00,0.000000000000000000e+00,0.000000000000000000e+00,7.669645786285400391e+00,0.000000000000000000e+00,0.000000000000000000e+00,0.000000000000000000e+00,0.000000000000000000e+00,2.816263070000000202e-01
2.200000047683715820e+00,2.200000047683715820e+00,2.200000047683715820e+00,2.200000047683715820e+00,2.200000047683715820e+00,2.200000047683715820e+00,2.200000047683715820e+00,2.200000047683715820e+00,2.200000047683715820e+00,2.200000047683715820e+00,2.200000047683715820e+00,2.200000047683715820e+00,2.200000047683715820e+00,2.200000047683715820e+00,2.200000047683715820e+00,2.200000047683715820e+00,2.200000047683715820e+00,2.200000047683715820e+00,2.200000047683715820e+00,2.200000047683715820e+00,2.200000047683715820e+00,2.200000047683715820e+00,2.200000047683715820e+00,2.200000047683715820e+00,2.200000047683715820e+00,2.200000047683715820e+00,2.200000047683715820e+00,2.200000047683715820e+00,0.000000000000000000e+00,0.000000000000000000e+00,0.000000000000000000e+00,0.000000000000000000e+00,2.392095088958740234e+00,0.000000000000000000e+00,0.000000000000000000e+00,0.000000000000000000e+00,0.000000000000000000e+00,6.623783111572265625e+00,1.350545940000000000e-01
2.200000047683715820e+00,2.200000047683715820e+00,2.200000047683715820e+00,2.200000047683715820e+00,2.200000047683715820e+00,2.200000047683715820e+00,2.200000047683715820e+00,2.200000047683715820e+00,2.200000047683715820e+00,2.200000047683715820e+00,2.200000047683715820e+00,2.200000047683715820e+00,2.200000047683715820e+00,2.200000047683715820e+00,2.200000047683715820e+00,2.200000047683715820e+00,2.200000047683715820e+00,2.200000047683715820e+00,2.200000047683715820e+00,2.200000047683715820e+00,2.200000047683715820e+00,2.200000047683715820e+00,2.200000047683715820e+00,2.200000047683715820e+00,2.200000047683715820e+00,2.200000047683715820e+00,2.200000047683715820e+00,2.200000047683715820e+00,0.000000000000000000e+00,0.000000000000000000e+00,0.000000000000000000e+00,0.000000000000000000e+00,1.689299583435058594e+00,0.000000000000000000e+00,6.922182440757751465e-01,0.000000000000000000e+00,0.000000000000000000e+00,5.941078186035156250e+00,1.448914890000000122e-01
2.200000047683715820e+00,2.200000047683715820e+00,2.200000047683715820e+00,2.200000047683715820e+00,2.200000047683715820e+00,2.200000047683715820e+00,2.200000047683715820e+00,2.200000047683715820e+00,2.200000047683715820e+00,2.200000047683715820e+00,2.200000047683715820e+00,2.200000047683715820e+00,2.200000047683715820e+00,2.200000047683715820e+00,2.200000047683715820e+00,2.200000047683715820e+00,2.200000047683715820e+00,2.200000047683715820e+00,2.200000047683715820e+00,2.200000047683715820e+00,2.200000047683715820e+00,2.200000047683715820e+00,2.200000047683715820e+00,2.200000047683715820e+00,2.200000047683715820e+00,2.200000047683715820e+00,2.200000047683715820e+00,2.200000047683715820e+00,0.000000000000000000e+00,1.658764123916625977e+00,0.000000000000000000e+00,0.000000000000000000e+00,0.000000000000000000e+00,4.537324428558349609e+00,0.000000000000000000e+00,0.000000000000000000e+00,0.000000000000000000e+00,5.059168815612792969e+00,2.408526800000000134e-01
2.200000047683715820e+00,2.200000047683715820e+00,2.200000047683715820e+00,2.200000047683715820e+00,2.200000047683715820e+00,2.200000047683715820e+00,2.200000047683715820e+00,2.200000047683715820e+00,2.200000047683715820e+00,2.200000047683715820e+00,2.200000047683715820e+00,2.200000047683715820e+00,2.200000047683715820e+00,2.200000047683715820e+00,2.200000047683715820e+00,2.200000047683715820e+00,2.200000047683715820e+00,2.200000047683715820e+00,2.200000047683715820e+00,2.200000047683715820e+00,2.200000047683715820e+00,2.200000047683715820e+00,2.200000047683715820e+00,2.200000047683715820e+00,2.200000047683715820e+00,2.200000047683715820e+00,2.200000047683715820e+00,2.200000047683715820e+00,4.355020046234130859e+00,0.000000000000000000e+00,1.555104374885559082e+00,0.000000000000000000e+00,3.821722984313964844e+00,0.000000000000000000e+00,0.000000000000000000e+00,0.000000000000000000e+00,0.000000000000000000e+00,0.000000000000000000e+00,2.437269689999999878e-01
2.200000047683715820e+00,2.200000047683715820e+00,2.200000047683715820e+00,2.200000047683715820e+00,2.200000047683715820e+00,2.200000047683715820e+00,2.200000047683715820e+00,2.200000047683715820e+00,2.200000047683715820e+00,2.200000047683715820e+00,2.200000047683715820e+00,2.200000047683715820e+00,2.200000047683715820e+00,2.200000047683715820e+00,2.200000047683715820e+00,2.200000047683715820e+00,2.200000047683715820e+00,2.200000047683715820e+00,2.200000047683715820e+00,2.200000047683715820e+00,2.200000047683715820e+00,2.200000047683715820e+00,2.200000047683715820e+00,2.200000047683715820e+00,2.200000047683715820e+00,2.200000047683715820e+00,2.200000047683715820e+00,2.200000047683715820e+00,0.000000000000000000e+00,0.000000000000000000e+00,0.000000000000000000e+00,0.000000000000000000e+00,0.000000000000000000e+00,0.000000000000000000e+00,8.811419606208801270e-01,5.975790023803710938e-01,0.000000000000000000e+00,6.270098686218261719e+00,1.059298669999999970e-01
2.200000047683715820e+00,2.200000047683715820e+00,2.200000047683715820e+00,2.200000047683715820e+00,2.200000047683715820e+00,2.200000047683715820e+00,2.200000047683715820e+00,2.200000047683715820e+00,2.200000047683715820e+00,2.200000047683715820e+00,2.200000047683715820e+00,2.200000047683715820e+00,2.200000047683715820e+00,2.200000047683715820e+00,2.200000047683715820e+00,2.200000047683715820e+00,2.200000047683715820e+00,2.200000047683715820e+00,2.200000047683715820e+00,2.200000047683715820e+00,2.200000047683715820e+00,2.200000047683715820e+00,2.200000047683715820e+00,2.200000047683715820e+00,2.200000047683715820e+00,2.200000047683715820e+00,2.200000047683715820e+00,2.200000047683715820e+00,0.000000000000000000e+00,0.000000000000000000e+00,3.924498856067657471e-01,0.000000000000000000e+00,0.000000000000000000e+00,0.000000000000000000e+00,7.229606509208679199e-01,0.000000000000000000e+00,0.000000000000000000e+00,3.898190259933471680e+00,1.082369910000000046e-01
2.200000047683715820e+00,2.200000047683715820e+00,2.200000047683715820e+00,2.200000047683715820e+00,2.200000047683715820e+00,2.200000047683715820e+00,2.200000047683715820e+00,2.200000047683715820e+00,2.200000047683715820e+00,2.200000047683715820e+00,2.200000047683715820e+00,2.200000047683715820e+00,2.200000047683715820e+00,2.200000047683715820e+00,2.200000047683715820e+00,2.200000047683715820e+00,2.200000047683715820e+00,2.200000047683715820e+00,2.200000047683715820e+00,2.200000047683715820e+00,2.200000047683715820e+00,2.200000047683715820e+00,2.200000047683715820e+00,2.200000047683715820e+00,2.200000047683715820e+00,2.200000047683715820e+00,2.200000047683715820e+00,2.200000047683715820e+00,0.000000000000000000e+00,1.600977063179016113e+00,1.746033072471618652e+00,0.000000000000000000e+00,1.848302245140075684e+00,0.000000000000000000e+00,0.000000000000000000e+00,0.000000000000000000e+00,0.000000000000000000e+00,0.000000000000000000e+00,2.451130310000000090e-01
2.200000047683715820e+00,2.200000047683715820e+00,2.200000047683715820e+00,2.200000047683715820e+00,2.200000047683715820e+00,2.200000047683715820e+00,2.200000047683715820e+00,2.200000047683715820e+00,2.200000047683715820e+00,2.200000047683715820e+00,2.200000047683715820e+00,2.200000047683715820e+00,2.200000047683715820e+00,2.200000047683715820e+00,2.200000047683715820e+00,2.200000047683715820e+00,2.200000047683715820e+00,2.200000047683715820e+00,2.200000047683715820e+00,2.200000047683715820e+00,2.200000047683715820e+00,2.200000047683715820e+00,2.200000047683715820e+00,2.200000047683715820e+00,2.200000047683715820e+00,2.200000047683715820e+00,2.200000047683715820e+00,2.200000047683715820e+00,8.509887695312500000e+00,0.000000000000000000e+00,0.000000000000000000e+00,3.814877033233642578e+00,0.000000000000000000e+00,0.000000000000000000e+00,0.000000000000000000e+00,0.000000000000000000e+00,0.000000000000000000e+00,0.000000000000000000e+00,3.099010930000000164e-01
2.200000047683715820e+00,2.200000047683715820e+00,2.200000047683715820e+00,2.200000047683715820e+00,2.200000047683715820e+00,2.200000047683715820e+00,2.200000047683715820e+00,2.200000047683715820e+00,2.200000047683715820e+00,2.200000047683715820e+00,2.200000047683715820e+00,2.200000047683715820e+00,2.200000047683715820e+00,2.200000047683715820e+00,2.200000047683715820e+00,2.200000047683715820e+00,2.200000047683715820e+00,2.200000047683715820e+00,2.200000047683715820e+00,2.200000047683715820e+00,2.200000047683715820e+00,2.200000047683715820e+00,2.200000047683715820e+00,2.200000047683715820e+00,2.200000047683715820e+00,2.200000047683715820e+00,2.200000047683715820e+00,2.200000047683715820e+00,0.000000000000000000e+00,0.000000000000000000e+00,1.308688998222351074e+00,2.049780607223510742e+00,0.000000000000000000e+00,0.000000000000000000e+00,8.830721974372863770e-01,0.000000000000000000e+00,0.000000000000000000e+00,0.000000000000000000e+00,1.999500310000000003e-01
2.200000047683715820e+00,2.200000047683715820e+00,2.200000047683715820e+00,2.200000047683715820e+00,2.200000047683715820e+00,2.200000047683715820e+00,2.200000047683715820e+00,2.200000047683715820e+00,2.200000047683715820e+00,2.200000047683715820e+00,2.200000047683715820e+00,2.200000047683715820e+00,2.200000047683715820e+00,2.200000047683715820e+00,2.200000047683715820e+00,2.200000047683715820e+00,2.200000047683715820e+00,2.200000047683715820e+00,2.200000047683715820e+00,2.200000047683715820e+00,2.200000047683715820e+00,2.200000047683715820e+00,2.200000047683715820e+00,2.200000047683715820e+00,2.200000047683715820e+00,2.200000047683715820e+00,2.200000047683715820e+00,2.200000047683715820e+00,1.000107002258300781e+01,0.000000000000000000e+00,0.000000000000000000e+00,0.000000000000000000e+00,0.000000000000000000e+00,0.000000000000000000e+00,0.000000000000000000e+00,0.000000000000000000e+00,0.000000000000000000e+00,1.490408897399902344e+01,2.077292570000000005e-01
2.200000047683715820e+00,2.200000047683715820e+00,2.200000047683715820e+00,2.200000047683715820e+00,2.200000047683715820e+00,2.200000047683715820e+00,2.200000047683715820e+00,2.200000047683715820e+00,2.200000047683715820e+00,2.200000047683715820e+00,2.200000047683715820e+00,2.200000047683715820e+00,2.200000047683715820e+00,2.200000047683715820e+00,2.200000047683715820e+00,2.200000047683715820e+00,2.200000047683715820e+00,2.200000047683715820e+00,2.200000047683715820e+00,2.200000047683715820e+00,2.200000047683715820e+00,2.200000047683715820e+00,2.200000047683715820e+00,2.200000047683715820e+00,2.200000047683715820e+00,2.200000047683715820e+00,2.200000047683715820e+00,2.200000047683715820e+00,0.000000000000000000e+00,3.382885217666625977e+00,0.000000000000000000e+00,0.000000000000000000e+00,2.927112579345703125e+00,5.238697052001953125e+00,0.000000000000000000e+00,0.000000000000000000e+00,0.000000000000000000e+00,0.000000000000000000e+00,3.836626679999999845e-01
2.200000047683715820e+00,2.200000047683715820e+00,2.200000047683715820e+00,2.200000047683715820e+00,2.200000047683715820e+00,2.200000047683715820e+00,2.200000047683715820e+00,2.200000047683715820e+00,2.200000047683715820e+00,2.200000047683715820e+00,2.200000047683715820e+00,2.200000047683715820e+00,2.200000047683715820e+00,2.200000047683715820e+00,2.200000047683715820e+00,2.200000047683715820e+00,2.200000047683715820e+00,2.200000047683715820e+00,2.200000047683715820e+00,2.200000047683715820e+00,2.200000047683715820e+00,2.200000047683715820e+00,2.200000047683715820e+00,2.200000047683715820e+00,2.200000047683715820e+00,2.200000047683715820e+00,2.200000047683715820e+00,2.200000047683715820e+00,6.130157470703125000e+00,0.000000000000000000e+00,0.000000000000000000e+00,2.103109836578369141e+00,0.000000000000000000e+00,0.000000000000000000e+00,0.000000000000000000e+00,0.000000000000000000e+00,0.000000000000000000e+00,8.419859886169433594e+00,2.246794950000000068e-01
2.200000047683715820e+00,2.200000047683715820e+00,2.200000047683715820e+00,2.200000047683715820e+00,2.200000047683715820e+00,2.200000047683715820e+00,2.200000047683715820e+00,2.200000047683715820e+00,2.200000047683715820e+00,2.200000047683715820e+00,2.200000047683715820e+00,2.200000047683715820e+00,2.200000047683715820e+00,2.200000047683715820e+00,2.200000047683715820e+00,2.200000047683715820e+00,2.200000047683715820e+00,2.200000047683715820e+00,2.200000047683715820e+00,2.200000047683715820e+00,2.200000047683715820e+00,2.200000047683715820e+00,2.200000047683715820e+00,2.200000047683715820e+00,2.200000047683715820e+00,2.200000047683715820e+00,2.200000047683715820e+00,2.200000047683715820e+00,8.728733062744140625e+00,0.000000000000000000e+00,0.000000000000000000e+00,0.000000000000000000e+00,5.166428565979003906e+00,5.184254646301269531e+00,0.000000000000000000e+00,0.000000000000000000e+00,0.000000000000000000e+00,0.000000000000000000e+00,3.519743109999999842e-01
2.200000047683715820e+00,2.200000047683715820e+00,2.200000047683715820e+00,2.200000047683715820e+00,2.200000047683715820e+00,2.200000047683715820e+00,2.200000047683715820e+00,2.200000047683715820e+00,2.200000047683715820e+00,2.200000047683715820e+00,2.200000047683715820e+00,2.200000047683715820e+00,2.200000047683715820e+00,2.200000047683715820e+00,2.200000047683715820e+00,2.200000047683715820e+00,2.200000047683715820e+00,2.200000047683715820e+00,2.200000047683715820e+00,2.200000047683715820e+00,2.200000047683715820e+00,2.200000047683715820e+00,2.200000047683715820e+00,2.200000047683715820e+00,2.200000047683715820e+00,2.200000047683715820e+00,2.200000047683715820e+00,2.200000047683715820e+00,0.000000000000000000e+00,0.000000000000000000e+00,4.124811172485351562e+00,0.000000000000000000e+00,0.000000000000000000e+00,0.000000000000000000e+00,1.354831576347351074e+00,1.403650641441345215e-01,0.000000000000000000e+00,0.000000000000000000e+00,2.255486439999999926e-01
2.200000047683715820e+00,2.200000047683715820e+00,2.200000047683715820e+00,2.200000047683715820e+00,2.200000047683715820e+00,2.200000047683715820e+00,2.200000047683715820e+00,2.200000047683715820e+00,2.200000047683715820e+00,2.200000047683715820e+00,2.200000047683715820e+00,2.200000047683715820e+00,2.200000047683715820e+00,2.200000047683715820e+00,2.200000047683715820e+00,2.200000047683715820e+00,2.200000047683715820e+00,2.200000047683715820e+00,2.200000047683715820e+00,2.200000047683715820e+00,2.200000047683715820e+00,2.200000047683715820e+00,2.200000047683715820e+00,2.200000047683715820e+00,2.200000047683715820e+00,2.200000047683715820e+00,2.200000047683715820e+00,2.200000047683715820e+00,0.000000000000000000e+00,0.000000000000000000e+00,0.000000000000000000e+00,0.000000000000000000e+00,1.231361150741577148e+00,0.000000000000000000e+00,0.000000000000000000e+00,4.765194654464721680e-01,0.000000000000000000e+00,5.586102485656738281e+00,1.339842340000000076e-01
2.200000047683715820e+00,2.200000047683715820e+00,2.200000047683715820e+00,2.200000047683715820e+00,2.200000047683715820e+00,2.200000047683715820e+00,2.200000047683715820e+00,2.200000047683715820e+00,2.200000047683715820e+00,2.200000047683715820e+00,2.200000047683715820e+00,2.200000047683715820e+00,2.200000047683715820e+00,2.200000047683715820e+00,2.200000047683715820e+00,2.200000047683715820e+00,2.200000047683715820e+00,2.200000047683715820e+00,2.200000047683715820e+00,2.200000047683715820e+00,2.200000047683715820e+00,2.200000047683715820e+00,2.200000047683715820e+00,2.200000047683715820e+00,2.200000047683715820e+00,2.200000047683715820e+00,2.200000047683715820e+00,2.200000047683715820e+00,4.373332023620605469e+00,0.000000000000000000e+00,1.243508815765380859e+00,1.541080713272094727e+00,0.000000000000000000e+00,0.000000000000000000e+00,0.000000000000000000e+00,0.000000000000000000e+00,0.000000000000000000e+00,6.130580425262451172e+00,2.396957349999999931e-01
2.200000047683715820e+00,2.200000047683715820e+00,2.200000047683715820e+00,2.200000047683715820e+00,2.200000047683715820e+00,2.200000047683715820e+00,2.200000047683715820e+00,2.200000047683715820e+00,2.200000047683715820e+00,2.200000047683715820e+00,2.200000047683715820e+00,2.200000047683715820e+00,2.200000047683715820e+00,2.200000047683715820e+00,2.200000047683715820e+00,2.200000047683715820e+00,2.200000047683715820e+00,2.200000047683715820e+00,2.200000047683715820e+00,2.200000047683715820e+00,2.200000047683715820e+00,2.200000047683715820e+00,2.200000047683715820e+00,2.200000047683715820e+00,2.200000047683715820e+00,2.200000047683715820e+00,2.200000047683715820e+00,2.200000047683715820e+00,7.307233333587646484e+00,2.321562290191650391e+00,0.000000000000000000e+00,3.496300220489501953e+00,0.000000000000000000e+00,0.000000000000000000e+00,0.000000000000000000e+00,0.000000000000000000e+00,0.000000000000000000e+00,0.000000000000000000e+00,3.653832300000000033e-01
2.200000047683715820e+00,2.200000047683715820e+00,2.200000047683715820e+00,2.200000047683715820e+00,2.200000047683715820e+00,2.200000047683715820e+00,2.200000047683715820e+00,2.200000047683715820e+00,2.200000047683715820e+00,2.200000047683715820e+00,2.200000047683715820e+00,2.200000047683715820e+00,2.200000047683715820e+00,2.200000047683715820e+00,2.200000047683715820e+00,2.200000047683715820e+00,2.200000047683715820e+00,2.200000047683715820e+00,2.200000047683715820e+00,2.200000047683715820e+00,2.200000047683715820e+00,2.200000047683715820e+00,2.200000047683715820e+00,2.200000047683715820e+00,2.200000047683715820e+00,2.200000047683715820e+00,2.200000047683715820e+00,2.200000047683715820e+00,0.000000000000000000e+00,0.000000000000000000e+00,0.000000000000000000e+00,0.000000000000000000e+00,1.434082746505737305e+00,2.853231191635131836e+00,8.138572573661804199e-01,0.000000000000000000e+00,0.000000000000000000e+00,6.077724456787109375e+00,1.862759740000000108e-01
2.200000047683715820e+00,2.200000047683715820e+00,2.200000047683715820e+00,2.200000047683715820e+00,2.200000047683715820e+00,2.200000047683715820e+00,2.200000047683715820e+00,2.200000047683715820e+00,2.200000047683715820e+00,2.200000047683715820e+00,2.200000047683715820e+00,2.200000047683715820e+00,2.200000047683715820e+00,2.200000047683715820e+00,2.200000047683715820e+00,2.200000047683715820e+00,2.200000047683715820e+00,2.200000047683715820e+00,2.200000047683715820e+00,2.200000047683715820e+00,2.200000047683715820e+00,2.200000047683715820e+00,2.200000047683715820e+00,2.200000047683715820e+00,2.200000047683715820e+00,2.200000047683715820e+00,2.200000047683715820e+00,2.200000047683715820e+00,0.000000000000000000e+00,1.634495854377746582e+00,0.000000000000000000e+00,0.000000000000000000e+00,6.672103404998779297e-01,0.000000000000000000e+00,8.500490784645080566e-01,0.000000000000000000e+00,0.000000000000000000e+00,3.958629608154296875e+00,1.611861330000000092e-01
2.200000047683715820e+00,2.200000047683715820e+00,2.200000047683715820e+00,2.200000047683715820e+00,2.200000047683715820e+00,2.200000047683715820e+00,2.200000047683715820e+00,2.200000047683715820e+00,2.200000047683715820e+00,2.200000047683715820e+00,2.200000047683715820e+00,2.200000047683715820e+00,2.200000047683715820e+00,2.200000047683715820e+00,2.200000047683715820e+00,2.200000047683715820e+00,2.200000047683715820e+00,2.200000047683715820e+00,2.200000047683715820e+00,2.200000047683715820e+00,2.200000047683715820e+00,2.200000047683715820e+00,2.200000047683715820e+00,2.200000047683715820e+00,2.200000047683715820e+00,2.200000047683715820e+00,2.200000047683715820e+00,2.200000047683715820e+00,3.927904605865478516e+00,4.127377033233642578e+00,0.000000000000000000e+00,0.000000000000000000e+00,0.000000000000000000e+00,4.309558868408203125e+00,1.129912257194519043e+00,0.000000000000000000e+00,0.000000000000000000e+00,0.000000000000000000e+00,3.441711140000000002e-01
2.200000047683715820e+00,2.200000047683715820e+00,2.200000047683715820e+00,2.200000047683715820e+00,2.200000047683715820e+00,2.200000047683715820e+00,2.200000047683715820e+00,2.200000047683715820e+00,2.200000047683715820e+00,2.200000047683715820e+00,2.200000047683715820e+00,2.200000047683715820e+00,2.200000047683715820e+00,2.200000047683715820e+00,2.200000047683715820e+00,2.200000047683715820e+00,2.200000047683715820e+00,2.200000047683715820e+00,2.200000047683715820e+00,2.200000047683715820e+00,2.200000047683715820e+00,2.200000047683715820e+00,2.200000047683715820e+00,2.200000047683715820e+00,2.200000047683715820e+00,2.200000047683715820e+00,2.200000047683715820e+00,2.200000047683715820e+00,6.868050575256347656e+00,0.000000000000000000e+00,2.277238130569458008e+00,2.304725170135498047e+00,0.000000000000000000e+00,0.000000000000000000e+00,0.000000000000000000e+00,0.000000000000000000e+00,0.000000000000000000e+00,0.000000000000000000e+00,2.963643360000000060e-01
2.200000047683715820e+00,2.200000047683715820e+00,2.200000047683715820e+00,2.200000047683715820e+00,2.200000047683715820e+00,2.200000047683715820e+00,2.200000047683715820e+00,2.200000047683715820e+00,2.200000047683715820e+00,2.200000047683715820e+00,2.200000047683715820e+00,2.200000047683715820e+00,2.200000047683715820e+00,2.200000047683715820e+00,2.200000047683715820e+00,2.200000047683715820e+00,2.200000047683715820e+00,2.200000047683715820e+00,2.200000047683715820e+00,2.200000047683715820e+00,2.200000047683715820e+00,2.200000047683715820e+00,2.200000047683715820e+00,2.200000047683715820e+00,2.200000047683715820e+00,2.200000047683715820e+00,2.200000047683715820e+00,2.200000047683715820e+00,9.065971374511718750e+00,0.000000000000000000e+00,0.000000000000000000e+00,3.536929845809936523e+00,5.717413425445556641e+00,0.000000000000000000e+00,0.000000000000000000e+00,0.000000000000000000e+00,0.000000000000000000e+00,0.000000000000000000e+00,4.134567370000000186e-01
2.200000047683715820e+00,2.200000047683715820e+00,2.200000047683715820e+00,2.200000047683715820e+00,2.200000047683715820e+00,2.200000047683715820e+00,2.200000047683715820e+00,2.200000047683715820e+00,2.200000047683715820e+00,2.200000047683715820e+00,2.200000047683715820e+00,2.200000047683715820e+00,2.200000047683715820e+00,2.200000047683715820e+00,2.200000047683715820e+00,2.200000047683715820e+00,2.200000047683715820e+00,2.200000047683715820e+00,2.200000047683715820e+00,2.200000047683715820e+00,2.200000047683715820e+00,2.200000047683715820e+00,2.200000047683715820e+00,2.200000047683715820e+00,2.200000047683715820e+00,2.200000047683715820e+00,2.200000047683715820e+00,2.200000047683715820e+00,8.986681938171386719e+00,0.000000000000000000e+00,0.000000000000000000e+00,0.000000000000000000e+00,0.000000000000000000e+00,5.573110580444335938e+00,1.374805808067321777e+00,0.000000000000000000e+00,0.000000000000000000e+00,0.000000000000000000e+00,2.560832510000000117e-01
2.200000047683715820e+00,2.200000047683715820e+00,2.200000047683715820e+00,2.200000047683715820e+00,2.200000047683715820e+00,2.200000047683715820e+00,2.200000047683715820e+00,2.200000047683715820e+00,2.200000047683715820e+00,2.200000047683715820e+00,2.200000047683715820e+00,2.200000047683715820e+00,2.200000047683715820e+00,2.200000047683715820e+00,2.200000047683715820e+00,2.200000047683715820e+00,2.200000047683715820e+00,2.200000047683715820e+00,2.200000047683715820e+00,2.200000047683715820e+00,2.200000047683715820e+00,2.200000047683715820e+00,2.200000047683715820e+00,2.200000047683715820e+00,2.200000047683715820e+00,2.200000047683715820e+00,2.200000047683715820e+00,2.200000047683715820e+00,0.000000000000000000e+00,0.000000000000000000e+00,0.000000000000000000e+00,3.307085752487182617e+00,3.200219869613647461e+00,5.602038860321044922e+00,0.000000000000000000e+00,0.000000000000000000e+00,0.000000000000000000e+00,0.000000000000000000e+00,3.948968580000000173e-01
2.200000047683715820e+00,2.200000047683715820e+00,2.200000047683715820e+00,2.200000047683715820e+00,2.200000047683715820e+00,2.200000047683715820e+00,2.200000047683715820e+00,2.200000047683715820e+00,2.200000047683715820e+00,2.200000047683715820e+00,2.200000047683715820e+00,2.200000047683715820e+00,2.200000047683715820e+00,2.200000047683715820e+00,2.200000047683715820e+00,2.200000047683715820e+00,2.200000047683715820e+00,2.200000047683715820e+00,2.200000047683715820e+00,2.200000047683715820e+00,2.200000047683715820e+00,2.200000047683715820e+00,2.200000047683715820e+00,2.200000047683715820e+00,2.200000047683715820e+00,2.200000047683715820e+00,2.200000047683715820e+00,2.200000047683715820e+00,0.000000000000000000e+00,0.000000000000000000e+00,0.000000000000000000e+00,5.316811561584472656e+00,0.000000000000000000e+00,6.119726657867431641e+00,1.413639187812805176e+00,0.000000000000000000e+00,0.000000000000000000e+00,0.000000000000000000e+00,4.205384759999999944e-01
2.200000047683715820e+00,2.200000047683715820e+00,2.200000047683715820e+00,2.200000047683715820e+00,2.200000047683715820e+00,2.200000047683715820e+00,2.200000047683715820e+00,2.200000047683715820e+00,2.200000047683715820e+00,2.200000047683715820e+00,2.200000047683715820e+00,2.200000047683715820e+00,2.200000047683715820e+00,2.200000047683715820e+00,2.200000047683715820e+00,2.200000047683715820e+00,2.200000047683715820e+00,2.200000047683715820e+00,2.200000047683715820e+00,2.200000047683715820e+00,2.200000047683715820e+00,2.200000047683715820e+00,2.200000047683715820e+00,2.200000047683715820e+00,2.200000047683715820e+00,2.200000047683715820e+00,2.200000047683715820e+00,2.200000047683715820e+00,0.000000000000000000e+00,2.111657619476318359e+00,1.945188760757446289e+00,0.000000000000000000e+00,0.000000000000000000e+00,4.283635139465332031e+00,0.000000000000000000e+00,9.122142791748046875e-01,0.000000000000000000e+00,0.000000000000000000e+00,3.049880489999999833e-01
2.200000047683715820e+00,2.200000047683715820e+00,2.200000047683715820e+00,2.200000047683715820e+00,2.200000047683715820e+00,2.200000047683715820e+00,2.200000047683715820e+00,2.200000047683715820e+00,2.200000047683715820e+00,2.200000047683715820e+00,2.200000047683715820e+00,2.200000047683715820e+00,2.200000047683715820e+00,2.200000047683715820e+00,2.200000047683715820e+00,2.200000047683715820e+00,2.200000047683715820e+00,2.200000047683715820e+00,2.200000047683715820e+00,2.200000047683715820e+00,2.200000047683715820e+00,2.200000047683715820e+00,2.200000047683715820e+00,2.200000047683715820e+00,2.200000047683715820e+00,2.200000047683715820e+00,2.200000047683715820e+00,2.200000047683715820e+00,0.000000000000000000e+00,0.000000000000000000e+00,0.000000000000000000e+00,0.000000000000000000e+00,4.277386665344238281e+00,0.000000000000000000e+00,1.000025629997253418e+00,0.000000000000000000e+00,0.000000000000000000e+00,1.308189964294433594e+01,2.315051200000000087e-01
2.200000047683715820e+00,2.200000047683715820e+00,2.200000047683715820e+00,2.200000047683715820e+00,2.200000047683715820e+00,2.200000047683715820e+00,2.200000047683715820e+00,2.200000047683715820e+00,2.200000047683715820e+00,2.200000047683715820e+00,2.200000047683715820e+00,2.200000047683715820e+00,2.200000047683715820e+00,2.200000047683715820e+00,2.200000047683715820e+00,2.200000047683715820e+00,2.200000047683715820e+00,2.200000047683715820e+00,2.200000047683715820e+00,2.200000047683715820e+00,2.200000047683715820e+00,2.200000047683715820e+00,2.200000047683715820e+00,2.200000047683715820e+00,2.200000047683715820e+00,2.200000047683715820e+00,2.200000047683715820e+00,2.200000047683715820e+00,0.000000000000000000e+00,0.000000000000000000e+00,0.000000000000000000e+00,2.784463882446289062e+00,0.000000000000000000e+00,3.339182853698730469e+00,8.904862999916076660e-01,0.000000000000000000e+00,0.000000000000000000e+00,5.161308288574218750e+00,2.708159560000000243e-01
2.200000047683715820e+00,2.200000047683715820e+00,2.200000047683715820e+00,2.200000047683715820e+00,2.200000047683715820e+00,2.200000047683715820e+00,2.200000047683715820e+00,2.200000047683715820e+00,2.200000047683715820e+00,2.200000047683715820e+00,2.200000047683715820e+00,2.200000047683715820e+00,2.200000047683715820e+00,2.200000047683715820e+00,2.200000047683715820e+00,2.200000047683715820e+00,2.200000047683715820e+00,2.200000047683715820e+00,2.200000047683715820e+00,2.200000047683715820e+00,2.200000047683715820e+00,2.200000047683715820e+00,2.200000047683715820e+00,2.200000047683715820e+00,2.200000047683715820e+00,2.200000047683715820e+00,2.200000047683715820e+00,2.200000047683715820e+00,0.000000000000000000e+00,2.518004417419433594e+00,1.663922548294067383e+00,2.519964456558227539e+00,0.000000000000000000e+00,0.000000000000000000e+00,0.000000000000000000e+00,5.563696026802062988e-01,0.000000000000000000e+00,0.000000000000000000e+00,3.350987759999999871e-01
2.200000047683715820e+00,2.200000047683715820e+00,2.200000047683715820e+00,2.200000047683715820e+00,2.200000047683715820e+00,2.200000047683715820e+00,2.200000047683715820e+00,2.200000047683715820e+00,2.200000047683715820e+00,2.200000047683715820e+00,2.200000047683715820e+00,2.200000047683715820e+00,2.200000047683715820e+00,2.200000047683715820e+00,2.200000047683715820e+00,2.200000047683715820e+00,2.200000047683715820e+00,2.200000047683715820e+00,2.200000047683715820e+00,2.200000047683715820e+00,2.200000047683715820e+00,2.200000047683715820e+00,2.200000047683715820e+00,2.200000047683715820e+00,2.200000047683715820e+00,2.200000047683715820e+00,2.200000047683715820e+00,2.200000047683715820e+00,0.000000000000000000e+00,1.921222805976867676e+00,0.000000000000000000e+00,2.684181928634643555e+00,0.000000000000000000e+00,0.000000000000000000e+00,0.000000000000000000e+00,2.726593017578125000e-01,0.000000000000000000e+00,5.005915641784667969e+00,2.784896069999999724e-01
2.200000047683715820e+00,2.200000047683715820e+00,2.200000047683715820e+00,2.200000047683715820e+00,2.200000047683715820e+00,2.200000047683715820e+00,2.200000047683715820e+00,2.200000047683715820e+00,2.200000047683715820e+00,2.200000047683715820e+00,2.200000047683715820e+00,2.200000047683715820e+00,2.200000047683715820e+00,2.200000047683715820e+00,2.200000047683715820e+00,2.200000047683715820e+00,2.200000047683715820e+00,2.200000047683715820e+00,2.200000047683715820e+00,2.200000047683715820e+00,2.200000047683715820e+00,2.200000047683715820e+00,2.200000047683715820e+00,2.200000047683715820e+00,2.200000047683715820e+00,2.200000047683715820e+00,2.200000047683715820e+00,2.200000047683715820e+00,0.000000000000000000e+00,0.000000000000000000e+00,0.000000000000000000e+00,0.000000000000000000e+00,0.000000000000000000e+00,0.000000000000000000e+00,8.474864959716796875e-01,7.234589457511901855e-01,0.000000000000000000e+00,4.506975650787353516e+00,7.652939500000000006e-02
2.200000047683715820e+00,2.200000047683715820e+00,2.200000047683715820e+00,2.200000047683715820e+00,2.200000047683715820e+00,2.200000047683715820e+00,2.200000047683715820e+00,2.200000047683715820e+00,2.200000047683715820e+00,2.200000047683715820e+00,2.200000047683715820e+00,2.200000047683715820e+00,2.200000047683715820e+00,2.200000047683715820e+00,2.200000047683715820e+00,2.200000047683715820e+00,2.200000047683715820e+00,2.200000047683715820e+00,2.200000047683715820e+00,2.200000047683715820e+00,2.200000047683715820e+00,2.200000047683715820e+00,2.200000047683715820e+00,2.200000047683715820e+00,2.200000047683715820e+00,2.200000047683715820e+00,2.200000047683715820e+00,2.200000047683715820e+00,0.000000000000000000e+00,0.000000000000000000e+00,0.000000000000000000e+00,0.000000000000000000e+00,0.000000000000000000e+00,0.000000000000000000e+00,1.018413305282592773e+00,6.658089160919189453e-01,0.000000000000000000e+00,0.000000000000000000e+00,7.036642399999999686e-02
2.200000047683715820e+00,2.200000047683715820e+00,2.200000047683715820e+00,2.200000047683715820e+00,2.200000047683715820e+00,2.200000047683715820e+00,2.200000047683715820e+00,2.200000047683715820e+00,2.200000047683715820e+00,2.200000047683715820e+00,2.200000047683715820e+00,2.200000047683715820e+00,2.200000047683715820e+00,2.200000047683715820e+00,2.200000047683715820e+00,2.200000047683715820e+00,2.200000047683715820e+00,2.200000047683715820e+00,2.200000047683715820e+00,2.200000047683715820e+00,2.200000047683715820e+00,2.200000047683715820e+00,2.200000047683715820e+00,2.200000047683715820e+00,2.200000047683715820e+00,2.200000047683715820e+00,2.200000047683715820e+00,2.200000047683715820e+00,0.000000000000000000e+00,0.000000000000000000e+00,0.000000000000000000e+00,3.519225597381591797e+00,0.000000000000000000e+00,0.000000000000000000e+00,9.181811809539794922e-01,0.000000000000000000e+00,0.000000000000000000e+00,0.000000000000000000e+00,2.095358270000000078e-01
2.200000047683715820e+00,2.200000047683715820e+00,2.200000047683715820e+00,2.200000047683715820e+00,2.200000047683715820e+00,2.200000047683715820e+00,2.200000047683715820e+00,2.200000047683715820e+00,2.200000047683715820e+00,2.200000047683715820e+00,2.200000047683715820e+00,2.200000047683715820e+00,2.200000047683715820e+00,2.200000047683715820e+00,2.200000047683715820e+00,2.200000047683715820e+00,2.200000047683715820e+00,2.200000047683715820e+00,2.200000047683715820e+00,2.200000047683715820e+00,2.200000047683715820e+00,2.200000047683715820e+00,2.200000047683715820e+00,2.200000047683715820e+00,2.200000047683715820e+00,2.200000047683715820e+00,2.200000047683715820e+00,2.200000047683715820e+00,5.307051658630371094e+00,0.000000000000000000e+00,0.000000000000000000e+00,0.000000000000000000e+00,0.000000000000000000e+00,0.000000000000000000e+00,7.535527348518371582e-01,0.000000000000000000e+00,0.000000000000000000e+00,0.000000000000000000e+00,1.135441590000000056e-01
2.200000047683715820e+00,2.200000047683715820e+00,2.200000047683715820e+00,2.200000047683715820e+00,2.200000047683715820e+00,2.200000047683715820e+00,2.200000047683715820e+00,2.200000047683715820e+00,2.200000047683715820e+00,2.200000047683715820e+00,2.200000047683715820e+00,2.200000047683715820e+00,2.200000047683715820e+00,2.200000047683715820e+00,2.200000047683715820e+00,2.200000047683715820e+00,2.200000047683715820e+00,2.200000047683715820e+00,2.200000047683715820e+00,2.200000047683715820e+00,2.200000047683715820e+00,2.200000047683715820e+00,2.200000047683715820e+00,2.200000047683715820e+00,2.200000047683715820e+00,2.200000047683715820e+00,2.200000047683715820e+00,2.200000047683715820e+00,0.000000000000000000e+00,0.000000000000000000e+00,0.000000000000000000e+00,3.703779935836791992e+00,0.000000000000000000e+00,0.000000000000000000e+00,0.000000000000000000e+00,0.000000000000000000e+00,0.000000000000000000e+00,0.000000000000000000e+00,2.193191049999999864e-01
2.200000047683715820e+00,2.200000047683715820e+00,2.200000047683715820e+00,2.200000047683715820e+00,2.200000047683715820e+00,2.200000047683715820e+00,2.200000047683715820e+00,2.200000047683715820e+00,2.200000047683715820e+00,2.200000047683715820e+00,2.200000047683715820e+00,2.200000047683715820e+00,2.200000047683715820e+00,2.200000047683715820e+00,2.200000047683715820e+00,2.200000047683715820e+00,2.200000047683715820e+00,2.200000047683715820e+00,2.200000047683715820e+00,2.200000047683715820e+00,2.200000047683715820e+00,2.200000047683715820e+00,2.200000047683715820e+00,2.200000047683715820e+00,2.200000047683715820e+00,2.200000047683715820e+00,2.200000047683715820e+00,2.200000047683715820e+00,0.000000000000000000e+00,3.435714244842529297e+00,0.000000000000000000e+00,0.000000000000000000e+00,0.000000000000000000e+00,5.878079891204833984e+00,0.000000000000000000e+00,0.000000000000000000e+00,0.000000000000000000e+00,0.000000000000000000e+00,3.315646389999999943e-01
2.200000047683715820e+00,2.200000047683715820e+00,2.200000047683715820e+00,2.200000047683715820e+00,2.200000047683715820e+00,2.200000047683715820e+00,2.200000047683715820e+00,2.200000047683715820e+00,2.200000047683715820e+00,2.200000047683715820e+00,2.200000047683715820e+00,2.200000047683715820e+00,2.200000047683715820e+00,2.200000047683715820e+00,2.200000047683715820e+00,2.200000047683715820e+00,2.200000047683715820e+00,2.200000047683715820e+00,2.200000047683715820e+00,2.200000047683715820e+00,2.200000047683715820e+00,2.200000047683715820e+00,2.200000047683715820e+00,2.200000047683715820e+00,2.200000047683715820e+00,2.200000047683715820e+00,2.200000047683715820e+00,2.200000047683715820e+00,0.000000000000000000e+00,0.000000000000000000e+00,0.000000000000000000e+00,0.000000000000000000e+00,0.000000000000000000e+00,0.000000000000000000e+00,0.000000000000000000e+00,0.000000000000000000e+00,0.000000000000000000e+00,0.000000000000000000e+00,1.367753949999999941e-01
2.200000047683715820e+00,2.200000047683715820e+00,2.200000047683715820e+00,2.200000047683715820e+00,2.200000047683715820e+00,2.200000047683715820e+00,2.200000047683715820e+00,2.200000047683715820e+00,2.200000047683715820e+00,2.200000047683715820e+00,2.200000047683715820e+00,2.200000047683715820e+00,2.200000047683715820e+00,2.200000047683715820e+00,2.200000047683715820e+00,2.200000047683715820e+00,2.200000047683715820e+00,2.200000047683715820e+00,2.200000047683715820e+00,2.200000047683715820e+00,2.200000047683715820e+00,2.200000047683715820e+00,2.200000047683715820e+00,2.200000047683715820e+00,2.200000047683715820e+00,2.200000047683715820e+00,2.200000047683715820e+00,2.200000047683715820e+00,5.592917442321777344e+00,0.000000000000000000e+00,0.000000000000000000e+00,0.000000000000000000e+00,0.000000000000000000e+00,0.000000000000000000e+00,0.000000000000000000e+00,0.000000000000000000e+00,0.000000000000000000e+00,8.228915214538574219e+00,1.362254699999999874e-01
2.200000047683715820e+00,2.200000047683715820e+00,2.200000047683715820e+00,2.200000047683715820e+00,2.200000047683715820e+00,2.200000047683715820e+00,2.200000047683715820e+00,2.200000047683715820e+00,2.200000047683715820e+00,2.200000047683715820e+00,2.200000047683715820e+00,2.200000047683715820e+00,2.200000047683715820e+00,2.200000047683715820e+00,2.200000047683715820e+00,2.200000047683715820e+00,2.200000047683715820e+00,2.200000047683715820e+00,2.200000047683715820e+00,2.200000047683715820e+00,2.200000047683715820e+00,2.200000047683715820e+00,2.200000047683715820e+00,2.200000047683715820e+00,2.200000047683715820e+00,2.200000047683715820e+00,2.200000047683715820e+00,2.200000047683715820e+00,0.000000000000000000e+00,0.000000000000000000e+00,0.000000000000000000e+00,0.000000000000000000e+00,1.798850893974304199e+00,0.000000000000000000e+00,0.000000000000000000e+00,6.412302255630493164e-01,0.000000000000000000e+00,0.000000000000000000e+00,1.073826199999999981e-01
2.200000047683715820e+00,2.200000047683715820e+00,2.200000047683715820e+00,2.200000047683715820e+00,2.200000047683715820e+00,2.200000047683715820e+00,2.200000047683715820e+00,2.200000047683715820e+00,2.200000047683715820e+00,2.200000047683715820e+00,2.200000047683715820e+00,2.200000047683715820e+00,2.200000047683715820e+00,2.200000047683715820e+00,2.200000047683715820e+00,2.200000047683715820e+00,2.200000047683715820e+00,2.200000047683715820e+00,2.200000047683715820e+00,2.200000047683715820e+00,2.200000047683715820e+00,2.200000047683715820e+00,2.200000047683715820e+00,2.200000047683715820e+00,2.200000047683715820e+00,2.200000047683715820e+00,2.200000047683715820e+00,2.200000047683715820e+00,0.000000000000000000e+00,0.000000000000000000e+00,4.229088783264160156e+00,0.000000000000000000e+00,0.000000000000000000e+00,0.000000000000000000e+00,0.000000000000000000e+00,0.000000000000000000e+00,0.000000000000000000e+00,0.000000000000000000e+00,2.276820069999999918e-01
2.200000047683715820e+00,2.200000047683715820e+00,2.200000047683715820e+00,2.200000047683715820e+00,2.200000047683715820e+00,2.200000047683715820e+00,2.200000047683715820e+00,2.200000047683715820e+00,2.200000047683715820e+00,2.200000047683715820e+00,2.200000047683715820e+00,2.200000047683715820e+00,2.200000047683715820e+00,2.200000047683715820e+00,2.200000047683715820e+00,2.200000047683715820e+00,2.200000047683715820e+00,2.200000047683715820e+00,2.200000047683715820e+00,2.200000047683715820e+00,2.200000047683715820e+00,2.200000047683715820e+00,2.200000047683715820e+00,2.200000047683715820e+00,2.200000047683715820e+00,2.200000047683715820e+00,2.200000047683715820e+00,2.200000047683715820e+00,0.000000000000000000e+00,0.000000000000000000e+00,0.000000000000000000e+00,0.000000000000000000e+00,0.000000000000000000e+00,4.559386730194091797e+00,0.000000000000000000e+00,0.000000000000000000e+00,0.000000000000000000e+00,7.019701480865478516e+00,2.020665990000000134e-01
2.200000047683715820e+00,2.200000047683715820e+00,2.200000047683715820e+00,2.200000047683715820e+00,2.200000047683715820e+00,2.200000047683715820e+00,2.200000047683715820e+00,2.200000047683715820e+00,2.200000047683715820e+00,2.200000047683715820e+00,2.200000047683715820e+00,2.200000047683715820e+00,2.200000047683715820e+00,2.200000047683715820e+00,2.200000047683715820e+00,2.200000047683715820e+00,2.200000047683715820e+00,2.200000047683715820e+00,2.200000047683715820e+00,2.200000047683715820e+00,2.200000047683715820e+00,2.200000047683715820e+00,2.200000047683715820e+00,2.200000047683715820e+00,2.200000047683715820e+00,2.200000047683715820e+00,2.200000047683715820e+00,2.200000047683715820e+00,0.000000000000000000e+00,0.000000000000000000e+00,0.000000000000000000e+00,0.000000000000000000e+00,0.000000000000000000e+00,6.301548957824707031e+00,0.000000000000000000e+00,0.000000000000000000e+00,0.000000000000000000e+00,1.309167385101318359e+01,2.275448429999999966e-01
2.200000047683715820e+00,2.200000047683715820e+00,2.200000047683715820e+00,2.200000047683715820e+00,2.200000047683715820e+00,2.200000047683715820e+00,2.200000047683715820e+00,2.200000047683715820e+00,2.200000047683715820e+00,2.200000047683715820e+00,2.200000047683715820e+00,2.200000047683715820e+00,2.200000047683715820e+00,2.200000047683715820e+00,2.200000047683715820e+00,2.200000047683715820e+00,2.200000047683715820e+00,2.200000047683715820e+00,2.200000047683715820e+00,2.200000047683715820e+00,2.200000047683715820e+00,2.200000047683715820e+00,2.200000047683715820e+00,2.200000047683715820e+00,2.200000047683715820e+00,2.200000047683715820e+00,2.200000047683715820e+00,2.200000047683715820e+00,0.000000000000000000e+00,0.000000000000000000e+00,1.944839954376220703e+00,0.000000000000000000e+00,0.000000000000000000e+00,3.958714962005615234e+00,0.000000000000000000e+00,9.798858761787414551e-01,0.000000000000000000e+00,0.000000000000000000e+00,2.131080009999999914e-01
2.200000047683715820e+00,2.200000047683715820e+00,2.200000047683715820e+00,2.200000047683715820e+00,2.200000047683715820e+00,2.200000047683715820e+00,2.200000047683715820e+00,2.200000047683715820e+00,2.200000047683715820e+00,2.200000047683715820e+00,2.200000047683715820e+00,2.200000047683715820e+00,2.200000047683715820e+00,2.200000047683715820e+00,2.200000047683715820e+00,2.200000047683715820e+00,2.200000047683715820e+00,2.200000047683715820e+00,2.200000047683715820e+00,2.200000047683715820e+00,2.200000047683715820e+00,2.200000047683715820e+00,2.200000047683715820e+00,2.200000047683715820e+00,2.200000047683715820e+00,2.200000047683715820e+00,2.200000047683715820e+00,2.200000047683715820e+00,0.000000000000000000e+00,3.602938890457153320e+00,0.000000000000000000e+00,0.000000000000000000e+00,0.000000000000000000e+00,0.000000000000000000e+00,8.841528892517089844e-01,0.000000000000000000e+00,0.000000000000000000e+00,3.725357055664062500e+00,2.624432809999999727e-01
2.200000047683715820e+00,2.200000047683715820e+00,2.200000047683715820e+00,2.200000047683715820e+00,2.200000047683715820e+00,2.200000047683715820e+00,2.200000047683715820e+00,2.200000047683715820e+00,2.200000047683715820e+00,2.200000047683715820e+00,2.200000047683715820e+00,2.200000047683715820e+00,2.200000047683715820e+00,2.200000047683715820e+00,2.200000047683715820e+00,2.200000047683715820e+00,2.200000047683715820e+00,2.200000047683715820e+00,2.200000047683715820e+00,2.200000047683715820e+00,2.200000047683715820e+00,2.200000047683715820e+00,2.200000047683715820e+00,2.200000047683715820e+00,2.200000047683715820e+00,2.200000047683715820e+00,2.200000047683715820e+00,2.200000047683715820e+00,4.653480529785156250e+00,0.000000000000000000e+00,1.598175764083862305e+00,0.000000000000000000e+00,0.000000000000000000e+00,0.000000000000000000e+00,0.000000000000000000e+00,0.000000000000000000e+00,0.000000000000000000e+00,6.753267288208007812e+00,1.862089490000000125e-01
2.200000047683715820e+00,2.200000047683715820e+00,2.200000047683715820e+00,2.200000047683715820e+00,2.200000047683715820e+00,2.200000047683715820e+00,2.200000047683715820e+00,2.200000047683715820e+00,2.200000047683715820e+00,2.200000047683715820e+00,2.200000047683715820e+00,2.200000047683715820e+00,2.200000047683715820e+00,2.200000047683715820e+00,2.200000047683715820e+00,2.200000047683715820e+00,2.200000047683715820e+00,2.200000047683715820e+00,2.200000047683715820e+00,2.200000047683715820e+00,2.200000047683715820e+00,2.200000047683715820e+00,2.200000047683715820e+00,2.200000047683715820e+00,2.200000047683715820e+00,2.200000047683715820e+00,2.200000047683715820e+00,2.200000047683715820e+00,0.000000000000000000e+00,1.297077536582946777e+00,0.000000000000000000e+00,0.000000000000000000e+00,1.601628422737121582e+00,0.000000000000000000e+00,0.000000000000000000e+00,7.057484388351440430e-01,0.000000000000000000e+00,0.000000000000000000e+00,1.687688290000000091e-01
2.200000047683715820e+00,2.200000047683715820e+00,2.200000047683715820e+00,2.200000047683715820e+00,2.200000047683715820e+00,2.200000047683715820e+00,2.200000047683715820e+00,2.200000047683715820e+00,2.200000047683715820e+00,2.200000047683715820e+00,2.200000047683715820e+00,2.200000047683715820e+00,2.200000047683715820e+00,2.200000047683715820e+00,2.200000047683715820e+00,2.200000047683715820e+00,2.200000047683715820e+00,2.200000047683715820e+00,2.200000047683715820e+00,2.200000047683715820e+00,2.200000047683715820e+00,2.200000047683715820e+00,2.200000047683715820e+00,2.200000047683715820e+00,2.200000047683715820e+00,2.200000047683715820e+00,2.200000047683715820e+00,2.200000047683715820e+00,0.000000000000000000e+00,2.641983032226562500e+00,0.000000000000000000e+00,2.861134767532348633e+00,2.901696681976318359e+00,0.000000000000000000e+00,0.000000000000000000e+00,0.000000000000000000e+00,0.000000000000000000e+00,0.000000000000000000e+00,3.620936659999999807e-01
2.200000047683715820e+00,2.200000047683715820e+00,2.200000047683715820e+00,2.200000047683715820e+00,2.200000047683715820e+00,2.200000047683715820e+00,2.200000047683715820e+00,2.200000047683715820e+00,2.200000047683715820e+00,2.200000047683715820e+00,2.200000047683715820e+00,2.200000047683715820e+00,2.200000047683715820e+00,2.200000047683715820e+00,2.200000047683715820e+00,2.200000047683715820e+00,2.200000047683715820e+00,2.200000047683715820e+00,2.200000047683715820e+00,2.200000047683715820e+00,2.200000047683715820e+00,2.200000047683715820e+00,2.200000047683715820e+00,2.200000047683715820e+00,2.200000047683715820e+00,2.200000047683715820e+00,2.200000047683715820e+00,2.200000047683715820e+00,7.550558090209960938e+00,0.000000000000000000e+00,3.377595901489257812e+00,0.000000000000000000e+00,0.000000000000000000e+00,0.000000000000000000e+00,0.000000000000000000e+00,0.000000000000000000e+00,0.000000000000000000e+00,0.000000000000000000e+00,2.549172109999999769e-01
2.200000047683715820e+00,2.200000047683715820e+00,2.200000047683715820e+00,2.200000047683715820e+00,2.200000047683715820e+00,2.200000047683715820e+00,2.200000047683715820e+00,2.200000047683715820e+00,2.200000047683715820e+00,2.200000047683715820e+00,2.200000047683715820e+00,2.200000047683715820e+00,2.200000047683715820e+00,2.200000047683715820e+00,2.200000047683715820e+00,2.200000047683715820e+00,2.200000047683715820e+00,2.200000047683715820e+00,2.200000047683715820e+00,2.200000047683715820e+00,2.200000047683715820e+00,2.200000047683715820e+00,2.200000047683715820e+00,2.200000047683715820e+00,2.200000047683715820e+00,2.200000047683715820e+00,2.200000047683715820e+00,2.200000047683715820e+00,0.000000000000000000e+00,0.000000000000000000e+00,0.000000000000000000e+00,1.772174596786499023e+00,0.000000000000000000e+00,4.007905006408691406e+00,0.000000000000000000e+00,0.000000000000000000e+00,0.000000000000000000e+00,5.980020523071289062e+00,2.429198280000000043e-01
2.200000047683715820e+00,2.200000047683715820e+00,2.200000047683715820e+00,2.200000047683715820e+00,2.200000047683715820e+00,2.200000047683715820e+00,2.200000047683715820e+00,2.200000047683715820e+00,2.200000047683715820e+00,2.200000047683715820e+00,2.200000047683715820e+00,2.200000047683715820e+00,2.200000047683715820e+00,2.200000047683715820e+00,2.200000047683715820e+00,2.200000047683715820e+00,2.200000047683715820e+00,2.200000047683715820e+00,2.200000047683715820e+00,2.200000047683715820e+00,2.200000047683715820e+00,2.200000047683715820e+00,2.200000047683715820e+00,2.200000047683715820e+00,2.200000047683715820e+00,2.200000047683715820e+00,2.200000047683715820e+00,2.200000047683715820e+00,4.947595119476318359e+00,0.000000000000000000e+00,0.000000000000000000e+00,0.000000000000000000e+00,0.000000000000000000e+00,4.108724594116210938e+00,0.000000000000000000e+00,3.473226428031921387e-01,0.000000000000000000e+00,0.000000000000000000e+00,1.936113140000000066e-01
2.200000047683715820e+00,2.200000047683715820e+00,2.200000047683715820e+00,2.200000047683715820e+00,2.200000047683715820e+00,2.200000047683715820e+00,2.200000047683715820e+00,2.200000047683715820e+00,2.200000047683715820e+00,2.200000047683715820e+00,2.200000047683715820e+00,2.200000047683715820e+00,2.200000047683715820e+00,2.200000047683715820e+00,2.200000047683715820e+00,2.200000047683715820e+00,2.200000047683715820e+00,2.200000047683715820e+00,2.200000047683715820e+00,2.200000047683715820e+00,2.200000047683715820e+00,2.200000047683715820e+00,2.200000047683715820e+00,2.200000047683715820e+00,2.200000047683715820e+00,2.200000047683715820e+00,2.200000047683715820e+00,2.200000047683715820e+00,4.725861072540283203e+00,2.952282905578613281e+00,0.000000000000000000e+00,0.000000000000000000e+00,4.854877471923828125e+00,0.000000000000000000e+00,0.000000000000000000e+00,0.000000000000000000e+00,0.000000000000000000e+00,0.000000000000000000e+00,3.361041860000000270e-01
2.200000047683715820e+00,2.200000047683715820e+00,2.200000047683715820e+00,2.200000047683715820e+00,2.200000047683715820e+00,2.200000047683715820e+00,2.200000047683715820e+00,2.200000047683715820e+00,2.200000047683715820e+00,2.200000047683715820e+00,2.200000047683715820e+00,2.200000047683715820e+00,2.200000047683715820e+00,2.200000047683715820e+00,2.200000047683715820e+00,2.200000047683715820e+00,2.200000047683715820e+00,2.200000047683715820e+00,2.200000047683715820e+00,2.200000047683715820e+00,2.200000047683715820e+00,2.200000047683715820e+00,2.200000047683715820e+00,2.200000047683715820e+00,2.200000047683715820e+00,2.200000047683715820e+00,2.200000047683715820e+00,2.200000047683715820e+00,0.000000000000000000e+00,2.774693489074707031e+00,2.610918998718261719e+00,0.000000000000000000e+00,0.000000000000000000e+00,4.954903125762939453e+00,0.000000000000000000e+00,0.000000000000000000e+00,0.000000000000000000e+00,0.000000000000000000e+00,3.688346149999999768e-01
2.200000047683715820e+00,2.200000047683715820e+00,2.200000047683715820e+00,2.200000047683715820e+00,2.200000047683715820e+00,2.200000047683715820e+00,2.200000047683715820e+00,2.200000047683715820e+00,2.200000047683715820e+00,2.200000047683715820e+00,2.200000047683715820e+00,2.200000047683715820e+00,2.200000047683715820e+00,2.200000047683715820e+00,2.200000047683715820e+00,2.200000047683715820e+00,2.200000047683715820e+00,2.200000047683715820e+00,2.200000047683715820e+00,2.200000047683715820e+00,2.200000047683715820e+00,2.200000047683715820e+00,2.200000047683715820e+00,2.200000047683715820e+00,2.200000047683715820e+00,2.200000047683715820e+00,2.200000047683715820e+00,2.200000047683715820e+00,6.700882911682128906e+00,0.000000000000000000e+00,0.000000000000000000e+00,0.000000000000000000e+00,0.000000000000000000e+00,0.000000000000000000e+00,0.000000000000000000e+00,0.000000000000000000e+00,0.000000000000000000e+00,9.121479988098144531e+00,1.765281830000000052e-01
2.200000047683715820e+00,2.200000047683715820e+00,2.200000047683715820e+00,2.200000047683715820e+00,2.200000047683715820e+00,2.200000047683715820e+00,2.200000047683715820e+00,2.200000047683715820e+00,2.200000047683715820e+00,2.200000047683715820e+00,2.200000047683715820e+00,2.200000047683715820e+00,2.200000047683715820e+00,2.200000047683715820e+00,2.200000047683715820e+00,2.200000047683715820e+00,2.200000047683715820e+00,2.200000047683715820e+00,2.200000047683715820e+00,2.200000047683715820e+00,2.200000047683715820e+00,2.200000047683715820e+00,2.200000047683715820e+00,2.200000047683715820e+00,2.200000047683715820e+00,2.200000047683715820e+00,2.200000047683715820e+00,2.200000047683715820e+00,0.000000000000000000e+00,0.000000000000000000e+00,2.197803497314453125e+00,0.000000000000000000e+00,0.000000000000000000e+00,0.000000000000000000e+00,1.057204604148864746e+00,7.685890197753906250e-01,0.000000000000000000e+00,0.000000000000000000e+00,1.584594520000000006e-01
2.200000047683715820e+00,2.200000047683715820e+00,2.200000047683715820e+00,2.200000047683715820e+00,2.200000047683715820e+00,2.200000047683715820e+00,2.200000047683715820e+00,2.200000047683715820e+00,2.200000047683715820e+00,2.200000047683715820e+00,2.200000047683715820e+00,2.200000047683715820e+00,2.200000047683715820e+00,2.200000047683715820e+00,2.200000047683715820e+00,2.200000047683715820e+00,2.200000047683715820e+00,2.200000047683715820e+00,2.200000047683715820e+00,2.200000047683715820e+00,2.200000047683715820e+00,2.200000047683715820e+00,2.200000047683715820e+00,2.200000047683715820e+00,2.200000047683715820e+00,2.200000047683715820e+00,2.200000047683715820e+00,2.200000047683715820e+00,0.000000000000000000e+00,0.000000000000000000e+00,0.000000000000000000e+00,0.000000000000000000e+00,0.000000000000000000e+00,0.000000000000000000e+00,0.000000000000000000e+00,0.000000000000000000e+00,0.000000000000000000e+00,1.390575218200683594e+01,1.538375019999999871e-01
2.200000047683715820e+00,2.200000047683715820e+00,2.200000047683715820e+00,2.200000047683715820e+00,2.200000047683715820e+00,2.200000047683715820e+00,2.200000047683715820e+00,2.200000047683715820e+00,2.200000047683715820e+00,2.200000047683715820e+00,2.200000047683715820e+00,2.200000047683715820e+00,2.200000047683715820e+00,2.200000047683715820e+00,2.200000047683715820e+00,2.200000047683715820e+00,2.200000047683715820e+00,2.200000047683715820e+00,2.200000047683715820e+00,2.200000047683715820e+00,2.200000047683715820e+00,2.200000047683715820e+00,2.200000047683715820e+00,2.200000047683715820e+00,2.200000047683715820e+00,2.200000047683715820e+00,2.200000047683715820e+00,2.200000047683715820e+00,0.000000000000000000e+00,0.000000000000000000e+00,0.000000000000000000e+00,0.000000000000000000e+00,0.000000000000000000e+00,6.593748092651367188e+00,0.000000000000000000e+00,3.982987403869628906e-01,0.000000000000000000e+00,0.000000000000000000e+00,1.887032110000000096e-01
2.200000047683715820e+00,2.200000047683715820e+00,2.200000047683715820e+00,2.200000047683715820e+00,2.200000047683715820e+00,2.200000047683715820e+00,2.200000047683715820e+00,2.200000047683715820e+00,2.200000047683715820e+00,2.200000047683715820e+00,2.200000047683715820e+00,2.200000047683715820e+00,2.200000047683715820e+00,2.200000047683715820e+00,2.200000047683715820e+00,2.200000047683715820e+00,2.200000047683715820e+00,2.200000047683715820e+00,2.200000047683715820e+00,2.200000047683715820e+00,2.200000047683715820e+00,2.200000047683715820e+00,2.200000047683715820e+00,2.200000047683715820e+00,2.200000047683715820e+00,2.200000047683715820e+00,2.200000047683715820e+00,2.200000047683715820e+00,0.000000000000000000e+00,2.044843435287475586e+00,0.000000000000000000e+00,0.000000000000000000e+00,0.000000000000000000e+00,0.000000000000000000e+00,0.000000000000000000e+00,0.000000000000000000e+00,0.000000000000000000e+00,0.000000000000000000e+00,1.654693640000000077e-01
2.200000047683715820e+00,2.200000047683715820e+00,2.200000047683715820e+00,2.200000047683715820e+00,2.200000047683715820e+00,2.200000047683715820e+00,2.200000047683715820e+00,2.200000047683715820e+00,2.200000047683715820e+00,2.200000047683715820e+00,2.200000047683715820e+00,2.200000047683715820e+00,2.200000047683715820e+00,2.200000047683715820e+00,2.200000047683715820e+00,2.200000047683715820e+00,2.200000047683715820e+00,2.200000047683715820e+00,2.200000047683715820e+00,2.200000047683715820e+00,2.200000047683715820e+00,2.200000047683715820e+00,2.200000047683715820e+00,2.200000047683715820e+00,2.200000047683715820e+00,2.200000047683715820e+00,2.200000047683715820e+00,2.200000047683715820e+00,0.000000000000000000e+00,0.000000000000000000e+00,0.000000000000000000e+00,0.000000000000000000e+00,1.129305958747863770e+00,3.801237821578979492e+00,9.315780997276306152e-01,0.000000000000000000e+00,0.000000000000000000e+00,0.000000000000000000e+00,1.706050839999999902e-01
2.200000047683715820e+00,2.200000047683715820e+00,2.200000047683715820e+00,2.200000047683715820e+00,2.200000047683715820e+00,2.200000047683715820e+00,2.200000047683715820e+00,2.200000047683715820e+00,2.200000047683715820e+00,2.200000047683715820e+00,2.200000047683715820e+00,2.200000047683715820e+00,2.200000047683715820e+00,2.200000047683715820e+00,2.200000047683715820e+00,2.200000047683715820e+00,2.200000047683715820e+00,2.200000047683715820e+00,2.200000047683715820e+00,2.200000047683715820e+00,2.200000047683715820e+00,2.200000047683715820e+00,2.200000047683715820e+00,2.200000047683715820e+00,2.200000047683715820e+00,2.200000047683715820e+00,2.200000047683715820e+00,2.200000047683715820e+00,5.288638591766357422e+00,0.000000000000000000e+00,0.000000000000000000e+00,2.103360652923583984e+00,0.000000000000000000e+00,0.000000000000000000e+00,0.000000000000000000e+00,0.000000000000000000e+00,0.000000000000000000e+00,7.466765880584716797e+00,2.154761340000000136e-01
2.200000047683715820e+00,2.200000047683715820e+00,2.200000047683715820e+00,2.200000047683715820e+00,2.200000047683715820e+00,2.200000047683715820e+00,2.200000047683715820e+00,2.200000047683715820e+00,2.200000047683715820e+00,2.200000047683715820e+00,2.200000047683715820e+00,2.200000047683715820e+00,2.200000047683715820e+00,2.200000047683715820e+00,2.200000047683715820e+00,2.200000047683715820e+00,2.200000047683715820e+00,2.200000047683715820e+00,2.200000047683715820e+00,2.200000047683715820e+00,2.200000047683715820e+00,2.200000047683715820e+00,2.200000047683715820e+00,2.200000047683715820e+00,2.200000047683715820e+00,2.200000047683715820e+00,2.200000047683715820e+00,2.200000047683715820e+00,0.000000000000000000e+00,0.000000000000000000e+00,0.000000000000000000e+00,0.000000000000000000e+00,1.867820978164672852e+00,0.000000000000000000e+00,0.000000000000000000e+00,4.379054605960845947e-01,0.000000000000000000e+00,7.429703235626220703e+00,1.549118929999999950e-01
2.200000047683715820e+00,2.200000047683715820e+00,2.200000047683715820e+00,2.200000047683715820e+00,2.200000047683715820e+00,2.200000047683715820e+00,2.200000047683715820e+00,2.200000047683715820e+00,2.200000047683715820e+00,2.200000047683715820e+00,2.200000047683715820e+00,2.200000047683715820e+00,2.200000047683715820e+00,2.200000047683715820e+00,2.200000047683715820e+00,2.200000047683715820e+00,2.200000047683715820e+00,2.200000047683715820e+00,2.200000047683715820e+00,2.200000047683715820e+00,2.200000047683715820e+00,2.200000047683715820e+00,2.200000047683715820e+00,2.200000047683715820e+00,2.200000047683715820e+00,2.200000047683715820e+00,2.200000047683715820e+00,2.200000047683715820e+00,5.503937244415283203e+00,0.000000000000000000e+00,0.000000000000000000e+00,4.233046531677246094e+00,0.000000000000000000e+00,0.000000000000000000e+00,7.669625282287597656e-01,0.000000000000000000e+00,0.000000000000000000e+00,0.000000000000000000e+00,3.022196429999999823e-01
2.200000047683715820e+00,2.200000047683715820e+00,2.200000047683715820e+00,2.200000047683715820e+00,2.200000047683715820e+00,2.200000047683715820e+00,2.200000047683715820e+00,2.200000047683715820e+00,2.200000047683715820e+00,2.200000047683715820e+00,2.200000047683715820e+00,2.200000047683715820e+00,2.200000047683715820e+00,2.200000047683715820e+00,2.200000047683715820e+00,2.200000047683715820e+00,2.200000047683715820e+00,2.200000047683715820e+00,2.200000047683715820e+00,2.200000047683715820e+00,2.200000047683715820e+00,2.200000047683715820e+00,2.200000047683715820e+00,2.200000047683715820e+00,2.200000047683715820e+00,2.200000047683715820e+00,2.200000047683715820e+00,2.200000047683715820e+00,0.000000000000000000e+00,7.825227975845336914e-01,0.000000000000000000e+00,0.000000000000000000e+00,0.000000000000000000e+00,6.351570129394531250e+00,0.000000000000000000e+00,0.000000000000000000e+00,0.000000000000000000e+00,1.099585723876953125e+01,2.705666529999999903e-01
2.200000047683715820e+00,2.200000047683715820e+00,2.200000047683715820e+00,2.200000047683715820e+00,2.200000047683715820e+00,2.200000047683715820e+00,2.200000047683715820e+00,2.200000047683715820e+00,2.200000047683715820e+00,2.200000047683715820e+00,2.200000047683715820e+00,2.200000047683715820e+00,2.200000047683715820e+00,2.200000047683715820e+00,2.200000047683715820e+00,2.200000047683715820e+00,2.200000047683715820e+00,2.200000047683715820e+00,2.200000047683715820e+00,2.200000047683715820e+00,2.200000047683715820e+00,2.200000047683715820e+00,2.200000047683715820e+00,2.200000047683715820e+00,2.200000047683715820e+00,2.200000047683715820e+00,2.200000047683715820e+00,2.200000047683715820e+00,0.000000000000000000e+00,0.000000000000000000e+00,1.789406776428222656e+00,1.658808469772338867e+00,0.000000000000000000e+00,0.000000000000000000e+00,0.000000000000000000e+00,0.000000000000000000e+00,0.000000000000000000e+00,1.021028518676757812e+01,2.405122259999999956e-01
2.200000047683715820e+00,2.200000047683715820e+00,2.200000047683715820e+00,2.200000047683715820e+00,2.200000047683715820e+00,2.200000047683715820e+00,2.200000047683715820e+00,2.200000047683715820e+00,2.200000047683715820e+00,2.200000047683715820e+00,2.200000047683715820e+00,2.200000047683715820e+00,2.200000047683715820e+00,2.200000047683715820e+00,2.200000047683715820e+00,2.200000047683715820e+00,2.200000047683715820e+00,2.200000047683715820e+00,2.200000047683715820e+00,2.200000047683715820e+00,2.200000047683715820e+00,2.200000047683715820e+00,2.200000047683715820e+00,2.200000047683715820e+00,2.200000047683715820e+00,2.200000047683715820e+00,2.200000047683715820e+00,2.200000047683715820e+00,0.000000000000000000e+00,0.000000000000000000e+00,0.000000000000000000e+00,3.756218194961547852e+00,1.427905082702636719e+00,3.580059766769409180e+00,8.918019533157348633e-01,0.000000000000000000e+00,0.000000000000000000e+00,0.000000000000000000e+00,3.361846250000000147e-01
2.200000047683715820e+00,2.200000047683715820e+00,2.200000047683715820e+00,2.200000047683715820e+00,2.200000047683715820e+00,2.200000047683715820e+00,2.200000047683715820e+00,2.200000047683715820e+00,2.200000047683715820e+00,2.200000047683715820e+00,2.200000047683715820e+00,2.200000047683715820e+00,2.200000047683715820e+00,2.200000047683715820e+00,2.200000047683715820e+00,2.200000047683715820e+00,2.200000047683715820e+00,2.200000047683715820e+00,2.200000047683715820e+00,2.200000047683715820e+00,2.200000047683715820e+00,2.200000047683715820e+00,2.200000047683715820e+00,2.200000047683715820e+00,2.200000047683715820e+00,2.200000047683715820e+00,2.200000047683715820e+00,2.200000047683715820e+00,4.021109580993652344e+00,0.000000000000000000e+00,1.057002067565917969e+00,1.899881958961486816e+00,3.818607091903686523e+00,0.000000000000000000e+00,0.000000000000000000e+00,0.000000000000000000e+00,0.000000000000000000e+00,0.000000000000000000e+00,3.026545350000000023e-01
2.200000047683715820e+00,2.200000047683715820e+00,2.200000047683715820e+00,2.200000047683715820e+00,2.200000047683715820e+00,2.200000047683715820e+00,2.200000047683715820e+00,2.200000047683715820e+00,2.200000047683715820e+00,2.200000047683715820e+00,2.200000047683715820e+00,2.200000047683715820e+00,2.200000047683715820e+00,2.200000047683715820e+00,2.200000047683715820e+00,2.200000047683715820e+00,2.200000047683715820e+00,2.200000047683715820e+00,2.200000047683715820e+00,2.200000047683715820e+00,2.200000047683715820e+00,2.200000047683715820e+00,2.200000047683715820e+00,2.200000047683715820e+00,2.200000047683715820e+00,2.200000047683715820e+00,2.200000047683715820e+00,2.200000047683715820e+00,6.862024784088134766e+00,0.000000000000000000e+00,0.000000000000000000e+00,0.000000000000000000e+00,3.074320077896118164e+00,0.000000000000000000e+00,8.055232763290405273e-01,2.361197322607040405e-01,0.000000000000000000e+00,0.000000000000000000e+00,1.923641299999999943e-01
2.200000047683715820e+00,2.200000047683715820e+00,2.200000047683715820e+00,2.200000047683715820e+00,2.200000047683715820e+00,2.200000047683715820e+00,2.200000047683715820e+00,2.200000047683715820e+00,2.200000047683715820e+00,2.200000047683715820e+00,2.200000047683715820e+00,2.200000047683715820e+00,2.200000047683715820e+00,2.200000047683715820e+00,2.200000047683715820e+00,2.200000047683715820e+00,2.200000047683715820e+00,2.200000047683715820e+00,2.200000047683715820e+00,2.200000047683715820e+00,2.200000047683715820e+00,2.200000047683715820e+00,2.200000047683715820e+00,2.200000047683715820e+00,2.200000047683715820e+00,2.200000047683715820e+00,2.200000047683715820e+00,2.200000047683715820e+00,0.000000000000000000e+00,2.343053102493286133e+00,0.000000000000000000e+00,0.000000000000000000e+00,0.000000000000000000e+00,0.000000000000000000e+00,1.018034100532531738e+00,6.549122929573059082e-01,0.000000000000000000e+00,4.517284393310546875e+00,1.673900269999999968e-01
2.200000047683715820e+00,2.200000047683715820e+00,2.200000047683715820e+00,2.200000047683715820e+00,2.200000047683715820e+00,2.200000047683715820e+00,2.200000047683715820e+00,2.200000047683715820e+00,2.200000047683715820e+00,2.200000047683715820e+00,2.200000047683715820e+00,2.200000047683715820e+00,2.200000047683715820e+00,2.200000047683715820e+00,2.200000047683715820e+00,2.200000047683715820e+00,2.200000047683715820e+00,2.200000047683715820e+00,2.200000047683715820e+00,2.200000047683715820e+00,2.200000047683715820e+00,2.200000047683715820e+00,2.200000047683715820e+00,2.200000047683715820e+00,2.200000047683715820e+00,2.200000047683715820e+00,2.200000047683715820e+00,2.200000047683715820e+00,0.000000000000000000e+00,0.000000000000000000e+00,1.625856041908264160e+00,1.862786531448364258e+00,1.979454517364501953e+00,3.521445035934448242e+00,0.000000000000000000e+00,0.000000000000000000e+00,0.000000000000000000e+00,0.000000000000000000e+00,3.255352300000000088e-01
2.200000047683715820e+00,2.200000047683715820e+00,2.200000047683715820e+00,2.200000047683715820e+00,2.200000047683715820e+00,2.200000047683715820e+00,2.200000047683715820e+00,2.200000047683715820e+00,2.200000047683715820e+00,2.200000047683715820e+00,2.200000047683715820e+00,2.200000047683715820e+00,2.200000047683715820e+00,2.200000047683715820e+00,2.200000047683715820e+00,2.200000047683715820e+00,2.200000047683715820e+00,2.200000047683715820e+00,2.200000047683715820e+00,2.200000047683715820e+00,2.200000047683715820e+00,2.200000047683715820e+00,2.200000047683715820e+00,2.200000047683715820e+00,2.200000047683715820e+00,2.200000047683715820e+00,2.200000047683715820e+00,2.200000047683715820e+00,4.038918495178222656e+00,0.000000000000000000e+00,2.024013519287109375e+00,0.000000000000000000e+00,0.000000000000000000e+00,3.487041234970092773e+00,0.000000000000000000e+00,5.498632788658142090e-01,0.000000000000000000e+00,0.000000000000000000e+00,2.518835649999999760e-01
2.200000047683715820e+00,2.200000047683715820e+00,2.200000047683715820e+00,2.200000047683715820e+00,2.200000047683715820e+00,2.200000047683715820e+00,2.200000047683715820e+00,2.200000047683715820e+00,2.200000047683715820e+00,2.200000047683715820e+00,2.200000047683715820e+00,2.200000047683715820e+00,2.200000047683715820e+00,2.200000047683715820e+00,2.200000047683715820e+00,2.200000047683715820e+00,2.200000047683715820e+00,2.200000047683715820e+00,2.200000047683715820e+00,2.200000047683715820e+00,2.200000047683715820e+00,2.200000047683715820e+00,2.200000047683715820e+00,2.200000047683715820e+00,2.200000047683715820e+00,2.200000047683715820e+00,2.200000047683715820e+00,2.200000047683715820e+00,4.188846111297607422e+00,0.000000000000000000e+00,0.000000000000000000e+00,2.199651002883911133e+00,3.669053554534912109e+00,2.888122081756591797e+00,0.000000000000000000e+00,0.000000000000000000e+00,0.000000000000000000e+00,0.000000000000000000e+00,3.354688140000000041e-01
2.200000047683715820e+00,2.200000047683715820e+00,2.200000047683715820e+00,2.200000047683715820e+00,2.200000047683715820e+00,2.200000047683715820e+00,2.200000047683715820e+00,2.200000047683715820e+00,2.200000047683715820e+00,2.200000047683715820e+00,2.200000047683715820e+00,2.200000047683715820e+00,2.200000047683715820e+00,2.200000047683715820e+00,2.200000047683715820e+00,2.200000047683715820e+00,2.200000047683715820e+00,2.200000047683715820e+00,2.200000047683715820e+00,2.200000047683715820e+00,2.200000047683715820e+00,2.200000047683715820e+00,2.200000047683715820e+00,2.200000047683715820e+00,2.200000047683715820e+00,2.200000047683715820e+00,2.200000047683715820e+00,2.200000047683715820e+00,0.000000000000000000e+00,0.000000000000000000e+00,3.496087074279785156e+00,0.000000000000000000e+00,0.000000000000000000e+00,5.602507591247558594e+00,1.442966938018798828e+00,0.000000000000000000e+00,0.000000000000000000e+00,0.000000000000000000e+00,2.919089269999999847e-01
2.200000047683715820e+00,2.200000047683715820e+00,2.200000047683715820e+00,2.200000047683715820e+00,2.200000047683715820e+00,2.200000047683715820e+00,2.200000047683715820e+00,2.200000047683715820e+00,2.200000047683715820e+00,2.200000047683715820e+00,2.200000047683715820e+00,2.200000047683715820e+00,2.200000047683715820e+00,2.200000047683715820e+00,2.200000047683715820e+00,2.200000047683715820e+00,2.200000047683715820e+00,2.200000047683715820e+00,2.200000047683715820e+00,2.200000047683715820e+00,2.200000047683715820e+00,2.200000047683715820e+00,2.200000047683715820e+00,2.200000047683715820e+00,2.200000047683715820e+00,2.200000047683715820e+00,2.200000047683715820e+00,2.200000047683715820e+00,0.000000000000000000e+00,0.000000000000000000e+00,2.017943382263183594e+00,1.821854710578918457e+00,0.000000000000000000e+00,4.200141429901123047e+00,0.000000000000000000e+00,0.000000000000000000e+00,0.000000000000000000e+00,0.000000000000000000e+00,3.048468779999999878e-01
2.200000047683715820e+00,2.200000047683715820e+00,2.200000047683715820e+00,2.200000047683715820e+00,2.200000047683715820e+00,2.200000047683715820e+00,2.200000047683715820e+00,2.200000047683715820e+00,2.200000047683715820e+00,2.200000047683715820e+00,2.200000047683715820e+00,2.200000047683715820e+00,2.200000047683715820e+00,2.200000047683715820e+00,2.200000047683715820e+00,2.200000047683715820e+00,2.200000047683715820e+00,2.200000047683715820e+00,2.200000047683715820e+00,2.200000047683715820e+00,2.200000047683715820e+00,2.200000047683715820e+00,2.200000047683715820e+00,2.200000047683715820e+00,2.200000047683715820e+00,2.200000047683715820e+00,2.200000047683715820e+00,2.200000047683715820e+00,0.000000000000000000e+00,0.000000000000000000e+00,4.178698062896728516e+00,0.000000000000000000e+00,0.000000000000000000e+00,0.000000000000000000e+00,1.271828532218933105e+00,0.000000000000000000e+00,0.000000000000000000e+00,0.000000000000000000e+00,2.370174459999999927e-01
2.200000047683715820e+00,2.200000047683715820e+00,2.200000047683715820e+00,2.200000047683715820e+00,2.200000047683715820e+00,2.200000047683715820e+00,2.200000047683715820e+00,2.200000047683715820e+00,2.200000047683715820e+00,2.200000047683715820e+00,2.200000047683715820e+00,2.200000047683715820e+00,2.200000047683715820e+00,2.200000047683715820e+00,2.200000047683715820e+00,2.200000047683715820e+00,2.200000047683715820e+00,2.200000047683715820e+00,2.200000047683715820e+00,2.200000047683715820e+00,2.200000047683715820e+00,2.200000047683715820e+00,2.200000047683715820e+00,2.200000047683715820e+00,2.200000047683715820e+00,2.200000047683715820e+00,2.200000047683715820e+00,2.200000047683715820e+00,0.000000000000000000e+00,0.000000000000000000e+00,1.814665675163269043e+00,2.127170801162719727e+00,2.633560180664062500e+00,0.000000000000000000e+00,0.000000000000000000e+00,0.000000000000000000e+00,0.000000000000000000e+00,0.000000000000000000e+00,2.977193739999999811e-01
2.200000047683715820e+00,2.200000047683715820e+00,2.200000047683715820e+00,2.200000047683715820e+00,2.200000047683715820e+00,2.200000047683715820e+00,2.200000047683715820e+00,2.200000047683715820e+00,2.200000047683715820e+00,2.200000047683715820e+00,2.200000047683715820e+00,2.200000047683715820e+00,2.200000047683715820e+00,2.200000047683715820e+00,2.200000047683715820e+00,2.200000047683715820e+00,2.200000047683715820e+00,2.200000047683715820e+00,2.200000047683715820e+00,2.200000047683715820e+00,2.200000047683715820e+00,2.200000047683715820e+00,2.200000047683715820e+00,2.200000047683715820e+00,2.200000047683715820e+00,2.200000047683715820e+00,2.200000047683715820e+00,2.200000047683715820e+00,0.000000000000000000e+00,0.000000000000000000e+00,0.000000000000000000e+00,0.000000000000000000e+00,2.632765769958496094e+00,3.970786571502685547e+00,0.000000000000000000e+00,0.000000000000000000e+00,0.000000000000000000e+00,7.356845378875732422e+00,2.460859440000000009e-01
2.200000047683715820e+00,2.200000047683715820e+00,2.200000047683715820e+00,2.200000047683715820e+00,2.200000047683715820e+00,2.200000047683715820e+00,2.200000047683715820e+00,2.200000047683715820e+00,2.200000047683715820e+00,2.200000047683715820e+00,2.200000047683715820e+00,2.200000047683715820e+00,2.200000047683715820e+00,2.200000047683715820e+00,2.200000047683715820e+00,2.200000047683715820e+00,2.200000047683715820e+00,2.200000047683715820e+00,2.200000047683715820e+00,2.200000047683715820e+00,2.200000047683715820e+00,2.200000047683715820e+00,2.200000047683715820e+00,2.200000047683715820e+00,2.200000047683715820e+00,2.200000047683715820e+00,2.200000047683715820e+00,2.200000047683715820e+00,0.000000000000000000e+00,1.834889769554138184e+00,0.000000000000000000e+00,1.738130569458007812e+00,0.000000000000000000e+00,0.000000000000000000e+00,0.000000000000000000e+00,0.000000000000000000e+00,0.000000000000000000e+00,3.905358791351318359e+00,2.309774860000000096e-01
2.200000047683715820e+00,2.200000047683715820e+00,2.200000047683715820e+00,2.200000047683715820e+00,2.200000047683715820e+00,2.200000047683715820e+00,2.200000047683715820e+00,2.200000047683715820e+00,2.200000047683715820e+00,2.200000047683715820e+00,2.200000047683715820e+00,2.200000047683715820e+00,2.200000047683715820e+00,2.200000047683715820e+00,2.200000047683715820e+00,2.200000047683715820e+00,2.200000047683715820e+00,2.200000047683715820e+00,2.200000047683715820e+00,2.200000047683715820e+00,2.200000047683715820e+00,2.200000047683715820e+00,2.200000047683715820e+00,2.200000047683715820e+00,2.200000047683715820e+00,2.200000047683715820e+00,2.200000047683715820e+00,2.200000047683715820e+00,9.981744766235351562e+00,0.000000000000000000e+00,0.000000000000000000e+00,0.000000000000000000e+00,0.000000000000000000e+00,0.000000000000000000e+00,1.154051184654235840e+00,0.000000000000000000e+00,0.000000000000000000e+00,0.000000000000000000e+00,2.037474469999999982e-01
2.200000047683715820e+00,2.200000047683715820e+00,2.200000047683715820e+00,2.200000047683715820e+00,2.200000047683715820e+00,2.200000047683715820e+00,2.200000047683715820e+00,2.200000047683715820e+00,2.200000047683715820e+00,2.200000047683715820e+00,2.200000047683715820e+00,2.200000047683715820e+00,2.200000047683715820e+00,2.200000047683715820e+00,2.200000047683715820e+00,2.200000047683715820e+00,2.200000047683715820e+00,2.200000047683715820e+00,2.200000047683715820e+00,2.200000047683715820e+00,2.200000047683715820e+00,2.200000047683715820e+00,2.200000047683715820e+00,2.200000047683715820e+00,2.200000047683715820e+00,2.200000047683715820e+00,2.200000047683715820e+00,2.200000047683715820e+00,0.000000000000000000e+00,0.000000000000000000e+00,3.787496328353881836e+00,0.000000000000000000e+00,0.000000000000000000e+00,6.442644119262695312e+00,0.000000000000000000e+00,0.000000000000000000e+00,0.000000000000000000e+00,0.000000000000000000e+00,3.401867060000000054e-01
2.200000047683715820e+00,2.200000047683715820e+00,2.200000047683715820e+00,2.200000047683715820e+00,2.200000047683715820e+00,2.200000047683715820e+00,2.200000047683715820e+00,2.200000047683715820e+00,2.200000047683715820e+00,2.200000047683715820e+00,2.200000047683715820e+00,2.200000047683715820e+00,2.200000047683715820e+00,2.200000047683715820e+00,2.200000047683715820e+00,2.200000047683715820e+00,2.200000047683715820e+00,2.200000047683715820e+00,2.200000047683715820e+00,2.200000047683715820e+00,2.200000047683715820e+00,2.200000047683715820e+00,2.200000047683715820e+00,2.200000047683715820e+00,2.200000047683715820e+00,2.200000047683715820e+00,2.200000047683715820e+00,2.200000047683715820e+00,0.000000000000000000e+00,0.000000000000000000e+00,1.497299194335937500e+00,1.962147831916809082e+00,0.000000000000000000e+00,0.000000000000000000e+00,0.000000000000000000e+00,5.978301167488098145e-01,0.000000000000000000e+00,0.000000000000000000e+00,2.040869060000000124e-01
2.200000047683715820e+00,2.200000047683715820e+00,2.200000047683715820e+00,2.200000047683715820e+00,2.200000047683715820e+00,2.200000047683715820e+00,2.200000047683715820e+00,2.200000047683715820e+00,2.200000047683715820e+00,2.200000047683715820e+00,2.200000047683715820e+00,2.200000047683715820e+00,2.200000047683715820e+00,2.200000047683715820e+00,2.200000047683715820e+00,2.200000047683715820e+00,2.200000047683715820e+00,2.200000047683715820e+00,2.200000047683715820e+00,2.200000047683715820e+00,2.200000047683715820e+00,2.200000047683715820e+00,2.200000047683715820e+00,2.200000047683715820e+00,2.200000047683715820e+00,2.200000047683715820e+00,2.200000047683715820e+00,2.200000047683715820e+00,0.000000000000000000e+00,0.000000000000000000e+00,8.446438908576965332e-01,0.000000000000000000e+00,1.761687994003295898e+00,0.000000000000000000e+00,0.000000000000000000e+00,0.000000000000000000e+00,0.000000000000000000e+00,5.211030960083007812e+00,1.664738679999999971e-01
2.200000047683715820e+00,2.200000047683715820e+00,2.200000047683715820e+00,2.200000047683715820e+00,2.200000047683715820e+00,2.200000047683715820e+00,2.200000047683715820e+00,2.200000047683715820e+00,2.200000047683715820e+00,2.200000047683715820e+00,2.200000047683715820e+00,2.200000047683715820e+00,2.200000047683715820e+00,2.200000047683715820e+00,2.200000047683715820e+00,2.200000047683715820e+00,2.200000047683715820e+00,2.200000047683715820e+00,2.200000047683715820e+00,2.200000047683715820e+00,2.200000047683715820e+00,2.200000047683715820e+00,2.200000047683715820e+00,2.200000047683715820e+00,2.200000047683715820e+00,2.200000047683715820e+00,2.200000047683715820e+00,2.200000047683715820e+00,5.902915954589843750e+00,0.000000000000000000e+00,0.000000000000000000e+00,0.000000000000000000e+00,0.000000000000000000e+00,0.000000000000000000e+00,6.782868504524230957e-01,0.000000000000000000e+00,0.000000000000000000e+00,7.448275566101074219e+00,1.319873039999999997e-01
2.200000047683715820e+00,2.200000047683715820e+00,2.200000047683715820e+00,2.200000047683715820e+00,2.200000047683715820e+00,2.200000047683715820e+00,2.200000047683715820e+00,2.200000047683715820e+00,2.200000047683715820e+00,2.200000047683715820e+00,2.200000047683715820e+00,2.200000047683715820e+00,2.200000047683715820e+00,2.200000047683715820e+00,2.200000047683715820e+00,2.200000047683715820e+00,2.200000047683715820e+00,2.200000047683715820e+00,2.200000047683715820e+00,2.200000047683715820e+00,2.200000047683715820e+00,2.200000047683715820e+00,2.200000047683715820e+00,2.200000047683715820e+00,2.200000047683715820e+00,2.200000047683715820e+00,2.200000047683715820e+00,2.200000047683715820e+00,5.750232696533203125e+00,0.000000000000000000e+00,0.000000000000000000e+00,0.000000000000000000e+00,3.827588081359863281e+00,3.497939825057983398e+00,0.000000000000000000e+00,2.147291302680969238e-01,0.000000000000000000e+00,0.000000000000000000e+00,2.731179939999999751e-01
2.200000047683715820e+00,2.200000047683715820e+00,2.200000047683715820e+00,2.200000047683715820e+00,2.200000047683715820e+00,2.200000047683715820e+00,2.200000047683715820e+00,2.200000047683715820e+00,2.200000047683715820e+00,2.200000047683715820e+00,2.200000047683715820e+00,2.200000047683715820e+00,2.200000047683715820e+00,2.200000047683715820e+00,2.200000047683715820e+00,2.200000047683715820e+00,2.200000047683715820e+00,2.200000047683715820e+00,2.200000047683715820e+00,2.200000047683715820e+00,2.200000047683715820e+00,2.200000047683715820e+00,2.200000047683715820e+00,2.200000047683715820e+00,2.200000047683715820e+00,2.200000047683715820e+00,2.200000047683715820e+00,2.200000047683715820e+00,3.063788414001464844e+00,2.681102752685546875e+00,0.000000000000000000e+00,2.218181133270263672e+00,0.000000000000000000e+00,4.230114936828613281e+00,0.000000000000000000e+00,0.000000000000000000e+00,0.000000000000000000e+00,0.000000000000000000e+00,3.784548099999999748e-01
2.200000047683715820e+00,2.200000047683715820e+00,2.200000047683715820e+00,2.200000047683715820e+00,2.200000047683715820e+00,2.200000047683715820e+00,2.200000047683715820e+00,2.200000047683715820e+00,2.200000047683715820e+00,2.200000047683715820e+00,2.200000047683715820e+00,2.200000047683715820e+00,2.200000047683715820e+00,2.200000047683715820e+00,2.200000047683715820e+00,2.200000047683715820e+00,2.200000047683715820e+00,2.200000047683715820e+00,2.200000047683715820e+00,2.200000047683715820e+00,2.200000047683715820e+00,2.200000047683715820e+00,2.200000047683715820e+00,2.200000047683715820e+00,2.200000047683715820e+00,2.200000047683715820e+00,2.200000047683715820e+00,2.200000047683715820e+00,3.798918485641479492e+00,1.359407663345336914e+00,1.479139328002929688e+00,0.000000000000000000e+00,0.000000000000000000e+00,0.000000000000000000e+00,0.000000000000000000e+00,0.000000000000000000e+00,0.000000000000000000e+00,5.062949180603027344e+00,2.321063100000000101e-01
2.200000047683715820e+00,2.200000047683715820e+00,2.200000047683715820e+00,2.200000047683715820e+00,2.200000047683715820e+00,2.200000047683715820e+00,2.200000047683715820e+00,2.200000047683715820e+00,2.200000047683715820e+00,2.200000047683715820e+00,2.200000047683715820e+00,2.200000047683715820e+00,2.200000047683715820e+00,2.200000047683715820e+00,2.200000047683715820e+00,2.200000047683715820e+00,2.200000047683715820e+00,2.200000047683715820e+00,2.200000047683715820e+00,2.200000047683715820e+00,2.200000047683715820e+00,2.200000047683715820e+00,2.200000047683715820e+00,2.200000047683715820e+00,2.200000047683715820e+00,2.200000047683715820e+00,2.200000047683715820e+00,2.200000047683715820e+00,8.625881195068359375e+00,2.372198104858398438e+00,0.000000000000000000e+00,0.000000000000000000e+00,5.992418289184570312e+00,0.000000000000000000e+00,0.000000000000000000e+00,0.000000000000000000e+00,0.000000000000000000e+00,0.000000000000000000e+00,3.674852940000000179e-01
2.200000047683715820e+00,2.200000047683715820e+00,2.200000047683715820e+00,2.200000047683715820e+00,2.200000047683715820e+00,2.200000047683715820e+00,2.200000047683715820e+00,2.200000047683715820e+00,2.200000047683715820e+00,2.200000047683715820e+00,2.200000047683715820e+00,2.200000047683715820e+00,2.200000047683715820e+00,2.200000047683715820e+00,2.200000047683715820e+00,2.200000047683715820e+00,2.200000047683715820e+00,2.200000047683715820e+00,2.200000047683715820e+00,2.200000047683715820e+00,2.200000047683715820e+00,2.200000047683715820e+00,2.200000047683715820e+00,2.200000047683715820e+00,2.200000047683715820e+00,2.200000047683715820e+00,2.200000047683715820e+00,2.200000047683715820e+00,5.887629508972167969e+00,0.000000000000000000e+00,0.000000000000000000e+00,3.961028099060058594e+00,0.000000000000000000e+00,0.000000000000000000e+00,9.030674099922180176e-01,3.556725978851318359e-01,0.000000000000000000e+00,0.000000000000000000e+00,2.712400070000000052e-01
2.200000047683715820e+00,2.200000047683715820e+00,2.200000047683715820e+00,2.200000047683715820e+00,2.200000047683715820e+00,2.200000047683715820e+00,2.200000047683715820e+00,2.200000047683715820e+00,2.200000047683715820e+00,2.200000047683715820e+00,2.200000047683715820e+00,2.200000047683715820e+00,2.200000047683715820e+00,2.200000047683715820e+00,2.200000047683715820e+00,2.200000047683715820e+00,2.200000047683715820e+00,2.200000047683715820e+00,2.200000047683715820e+00,2.200000047683715820e+00,2.200000047683715820e+00,2.200000047683715820e+00,2.200000047683715820e+00,2.200000047683715820e+00,2.200000047683715820e+00,2.200000047683715820e+00,2.200000047683715820e+00,2.200000047683715820e+00,0.000000000000000000e+00,0.000000000000000000e+00,2.543442249298095703e+00,0.000000000000000000e+00,0.000000000000000000e+00,4.170741081237792969e+00,1.214685916900634766e+00,8.772967457771301270e-01,0.000000000000000000e+00,0.000000000000000000e+00,2.609654550000000128e-01
2.200000047683715820e+00,2.200000047683715820e+00,2.200000047683715820e+00,2.200000047683715820e+00,2.200000047683715820e+00,2.200000047683715820e+00,2.200000047683715820e+00,2.200000047683715820e+00,2.200000047683715820e+00,2.200000047683715820e+00,2.200000047683715820e+00,2.200000047683715820e+00,2.200000047683715820e+00,2.200000047683715820e+00,2.200000047683715820e+00,2.200000047683715820e+00,2.200000047683715820e+00,2.200000047683715820e+00,2.200000047683715820e+00,2.200000047683715820e+00,2.200000047683715820e+00,2.200000047683715820e+00,2.200000047683715820e+00,2.200000047683715820e+00,2.200000047683715820e+00,2.200000047683715820e+00,2.200000047683715820e+00,2.200000047683715820e+00,5.433749198913574219e+00,0.000000000000000000e+00,1.544333577156066895e+00,0.000000000000000000e+00,3.272887229919433594e+00,0.000000000000000000e+00,0.000000000000000000e+00,2.481628954410552979e-01,0.000000000000000000e+00,0.000000000000000000e+00,2.469066849999999869e-01
2.200000047683715820e+00,2.200000047683715820e+00,2.200000047683715820e+00,2.200000047683715820e+00,2.200000047683715820e+00,2.200000047683715820e+00,2.200000047683715820e+00,2.200000047683715820e+00,2.200000047683715820e+00,2.200000047683715820e+00,2.200000047683715820e+00,2.200000047683715820e+00,2.200000047683715820e+00,2.200000047683715820e+00,2.200000047683715820e+00,2.200000047683715820e+00,2.200000047683715820e+00,2.200000047683715820e+00,2.200000047683715820e+00,2.200000047683715820e+00,2.200000047683715820e+00,2.200000047683715820e+00,2.200000047683715820e+00,2.200000047683715820e+00,2.200000047683715820e+00,2.200000047683715820e+00,2.200000047683715820e+00,2.200000047683715820e+00,0.000000000000000000e+00,2.483289003372192383e+00,3.112064361572265625e+00,2.557782173156738281e+00,0.000000000000000000e+00,0.000000000000000000e+00,0.000000000000000000e+00,0.000000000000000000e+00,0.000000000000000000e+00,0.000000000000000000e+00,3.929290859999999830e-01
2.200000047683715820e+00,2.200000047683715820e+00,2.200000047683715820e+00,2.200000047683715820e+00,2.200000047683715820e+00,2.200000047683715820e+00,2.200000047683715820e+00,2.200000047683715820e+00,2.200000047683715820e+00,2.200000047683715820e+00,2.200000047683715820e+00,2.200000047683715820e+00,2.200000047683715820e+00,2.200000047683715820e+00,2.200000047683715820e+00,2.200000047683715820e+00,2.200000047683715820e+00,2.200000047683715820e+00,2.200000047683715820e+00,2.200000047683715820e+00,2.200000047683715820e+00,2.200000047683715820e+00,2.200000047683715820e+00,2.200000047683715820e+00,2.200000047683715820e+00,2.200000047683715820e+00,2.200000047683715820e+00,2.200000047683715820e+00,0.000000000000000000e+00,2.215355873107910156e+00,1.680557966232299805e+00,2.192730426788330078e+00,2.417538404464721680e+00,0.000000000000000000e+00,0.000000000000000000e+00,0.000000000000000000e+00,0.000000000000000000e+00,0.000000000000000000e+00,3.630264469999999744e-01
2.200000047683715820e+00,2.200000047683715820e+00,2.200000047683715820e+00,2.200000047683715820e+00,2.200000047683715820e+00,2.200000047683715820e+00,2.200000047683715820e+00,2.200000047683715820e+00,2.200000047683715820e+00,2.200000047683715820e+00,2.200000047683715820e+00,2.200000047683715820e+00,2.200000047683715820e+00,2.200000047683715820e+00,2.200000047683715820e+00,2.200000047683715820e+00,2.200000047683715820e+00,2.200000047683715820e+00,2.200000047683715820e+00,2.200000047683715820e+00,2.200000047683715820e+00,2.200000047683715820e+00,2.200000047683715820e+00,2.200000047683715820e+00,2.200000047683715820e+00,2.200000047683715820e+00,2.200000047683715820e+00,2.200000047683715820e+00,0.000000000000000000e+00,0.000000000000000000e+00,0.000000000000000000e+00,0.000000000000000000e+00,3.733966827392578125e+00,0.000000000000000000e+00,0.000000000000000000e+00,0.000000000000000000e+00,0.000000000000000000e+00,1.388715553283691406e+01,1.948830390000000079e-01
